model,date,sales,date_year,date_month
S60 CC,2018-12-31,87,2018,12
S60 II,2018-12-31,961,2018,12
S60L,2018-12-31,1314,2018,12
S80 II,2018-12-31,0,2018,12
S90,2018-12-31,5108,2018,12
V40,2018-12-31,5121,2018,12
V40 CC,2018-12-31,1591,2018,12
V60,2018-12-31,524,2018,12
V60 CC,2018-12-31,249,2018,12
V60 II,2018-12-31,4906,2018,12
V70 III,2018-12-31,0,2018,12
V90,2018-12-31,2277,2018,12
V90 CC,2018-12-31,1991,2018,12
XC40,2018-12-31,8724,2018,12
XC60,2018-12-31,16,2018,12
XC60 II,2018-12-31,18265,2018,12
XC70 III,2018-12-31,0,2018,12
XC90 II,2018-12-31,9023,2018,12
S60 CC,2017-12-31,154,2017,12
S60 II,2017-12-31,1996,2017,12
S60L,2017-12-31,2929,2017,12
S80 II,2017-12-31,2,2017,12
S90,2017-12-31,6787,2017,12
V40,2017-12-31,7729,2017,12
V40 CC,2017-12-31,2352,2017,12
V60,2017-12-31,3586,2017,12
V60 CC,2017-12-31,1665,2017,12
V60 II,2017-12-31,0,2017,12
V70 III,2017-12-31,0,2017,12
V90,2017-12-31,2711,2017,12
V90 CC,2017-12-31,2190,2017,12
XC40,2017-12-31,96,2017,12
XC60,2017-12-31,3658,2017,12
XC60 II,2017-12-31,11635,2017,12
XC70 III,2017-12-31,0,2017,12
XC90 II,2017-12-31,11036,2017,12
Other,2018-11-30,62,2018,11
S60 CC,2018-11-30,67,2018,11
S60 II,2018-11-30,828,2018,11
S60L,2018-11-30,1693,2018,11
S80 II,2018-11-30,0,2018,11
S90,2018-11-30,4223,2018,11
V40,2018-11-30,4277,2018,11
V40 CC,2018-11-30,1360,2018,11
V60,2018-11-30,286,2018,11
V60 CC,2018-11-30,147,2018,11
V60 II,2018-11-30,3993,2018,11
V70 III,2018-11-30,0,2018,11
V90,2018-11-30,2386,2018,11
V90 CC,2018-11-30,1902,2018,11
XC40,2018-11-30,8993,2018,11
XC60,2018-11-30,8,2018,11
XC60 II,2018-11-30,18275,2018,11
XC70 III,2018-11-30,0,2018,11
XC90 II,2018-11-30,7534,2018,11
Other,2017-11-30,0,2017,11
S60 CC,2017-11-30,150,2017,11
S60 II,2017-11-30,1740,2017,11
S60L,2017-11-30,3014,2017,11
S80 II,2017-11-30,0,2017,11
S90,2017-11-30,5872,2017,11
V40,2017-11-30,6636,2017,11
V40 CC,2017-11-30,2072,2017,11
V60,2017-11-30,3174,2017,11
V60 CC,2017-11-30,1496,2017,11
V60 II,2017-11-30,0,2017,11
V70 III,2017-11-30,0,2017,11
V90,2017-11-30,2585,2017,11
V90 CC,2017-11-30,1851,2017,11
XC40,2017-11-30,0,2017,11
XC60,2017-11-30,5831,2017,11
XC60 II,2017-11-30,8899,2017,11
XC70 III,2017-11-30,3,2017,11
XC90 II,2017-11-30,8415,2017,11
S60 CC,2018-10-31,76,2018,10
S60 II,2018-10-31,682,2018,10
S60L,2018-10-31,1852,2018,10
S80 II,2018-10-31,0,2018,10
S90,2018-10-31,3977,2018,10
V40,2018-10-31,4482,2018,10
V40 CC,2018-10-31,1255,2018,10
V60,2018-10-31,609,2018,10
V60 CC,2018-10-31,352,2018,10
V60 II,2018-10-31,3659,2018,10
V70 III,2018-10-31,0,2018,10
V90,2018-10-31,2115,2018,10
V90 CC,2018-10-31,1738,2018,10
XC40,2018-10-31,9568,2018,10
XC60,2018-10-31,24,2018,10
XC60 II,2018-10-31,15824,2018,10
XC70 III,2018-10-31,0,2018,10
XC90 II,2018-10-31,7296,2018,10
S60 CC,2017-10-31,118,2017,10
S60 II,2017-10-31,1662,2017,10
S60L,2017-10-31,3106,2017,10
S80 II,2017-10-31,0,2017,10
S90,2017-10-31,5010,2017,10
V40,2017-10-31,5782,2017,10
V40 CC,2017-10-31,1683,2017,10
V60,2017-10-31,2865,2017,10
V60 CC,2017-10-31,1185,2017,10
V60 II,2017-10-31,0,2017,10
V70 III,2017-10-31,1,2017,10
V90,2017-10-31,2123,2017,10
V90 CC,2017-10-31,1326,2017,10
XC40,2017-10-31,0,2017,10
XC60,2017-10-31,8049,2017,10
XC60 II,2017-10-31,7453,2017,10
XC70 III,2017-10-31,7,2017,10
XC90 II,2017-10-31,7471,2017,10
S60 CC,2018-09-30,80,2018,09
S60 II,2018-09-30,865,2018,09
S60L,2018-09-30,1993,2018,09
S80 II,2018-09-30,0,2018,09
S90,2018-09-30,4685,2018,09
V40,2018-09-30,6014,2018,09
V40 CC,2018-09-30,1748,2018,09
V60,2018-09-30,1117,2018,09
V60 CC,2018-09-30,633,2018,09
V60 II,2018-09-30,3152,2018,09
V70 III,2018-09-30,0,2018,09
V90,2018-09-30,2205,2018,09
V90 CC,2018-09-30,1881,2018,09
XC40,2018-09-30,9257,2018,09
XC60,2018-09-30,18,2018,09
XC60 II,2018-09-30,18594,2018,09
XC70 III,2018-09-30,0,2018,09
XC90 II,2018-09-30,8380,2018,09
S60 CC,2017-09-30,100,2017,09
S60 II,2017-09-30,1356,2017,09
S60L,2017-09-30,3556,2017,09
S80 II,2017-09-30,3,2017,09
S90,2017-09-30,4576,2017,09
V40,2017-09-30,6522,2017,09
V40 CC,2017-09-30,1899,2017,09
V60,2017-09-30,2690,2017,09
V60 CC,2017-09-30,1186,2017,09
V60 II,2017-09-30,0,2017,09
V70 III,2017-09-30,1,2017,09
V90,2017-09-30,2525,2017,09
V90 CC,2017-09-30,1755,2017,09
XC40,2017-09-30,0,2017,09
XC60,2017-09-30,14391,2017,09
XC60 II,2017-09-30,5169,2017,09
XC70 III,2017-09-30,8,2017,09
XC90 II,2017-09-30,7937,2017,09
S60 CC,2018-08-31,78,2018,08
S60 II,2018-08-31,918,2018,08
S60L,2018-08-31,1666,2018,08
S80 II,2018-08-31,0,2018,08
S90,2018-08-31,4100,2018,08
V40,2018-08-31,3192,2018,08
V40 CC,2018-08-31,828,2018,08
V60,2018-08-31,1167,2018,08
V60 CC,2018-08-31,787,2018,08
V60 II,2018-08-31,877,2018,08
V70 III,2018-08-31,0,2018,08
V90,2018-08-31,1313,2018,08
V90 CC,2018-08-31,1375,2018,08
XC40,2018-08-31,6540,2018,08
XC60,2018-08-31,22,2018,08
XC60 II,2018-08-31,13364,2018,08
XC70 III,2018-08-31,0,2018,08
XC90 II,2018-08-31,7134,2018,08
S60 CC,2017-08-31,92,2017,08
S60 II,2017-08-31,1015,2017,08
S60L,2017-08-31,3024,2017,08
S80 II,2017-08-31,11,2017,08
S90,2017-08-31,3601,2017,08
V40,2017-08-31,3825,2017,08
V40 CC,2017-08-31,1107,2017,08
V60,2017-08-31,1700,2017,08
V60 CC,2017-08-31,836,2017,08
V60 II,2017-08-31,0,2017,08
V70 III,2017-08-31,0,2017,08
V90,2017-08-31,1472,2017,08
V90 CC,2017-08-31,1478,2017,08
XC40,2017-08-31,0,2017,08
XC60,2017-08-31,11743,2017,08
XC60 II,2017-08-31,2048,2017,08
XC70 III,2017-08-31,1,2017,08
XC90 II,2017-08-31,5926,2017,08
S60 CC,2018-07-31,95,2018,07
S60 II,2018-07-31,1402,2018,07
S60L,2018-07-31,1974,2018,07
S80 II,2018-07-31,0,2018,07
S90,2018-07-31,4072,2018,07
V40,2018-07-31,4913,2018,07
V40 CC,2018-07-31,1218,2018,07
V60,2018-07-31,1609,2018,07
V60 CC,2018-07-31,902,2018,07
V60 II,2018-07-31,1491,2018,07
V70 III,2018-07-31,0,2018,07
V90,2018-07-31,1560,2018,07
V90 CC,2018-07-31,1268,2018,07
XC40,2018-07-31,9005,2018,07
XC60,2018-07-31,34,2018,07
XC60 II,2018-07-31,14231,2018,07
XC70 III,2018-07-31,0,2018,07
XC90 II,2018-07-31,7157,2018,07
S60 CC,2017-07-31,92,2017,07
S60 II,2017-07-31,1213,2017,07
S60L,2017-07-31,2709,2017,07
S80 II,2017-07-31,0,2017,07
S90,2017-07-31,3410,2017,07
V40,2017-07-31,5650,2017,07
V40 CC,2017-07-31,1559,2017,07
V60,2017-07-31,2014,2017,07
V60 CC,2017-07-31,1029,2017,07
V60 II,2017-07-31,0,2017,07
V70 III,2017-07-31,3,2017,07
V90,2017-07-31,2089,2017,07
V90 CC,2017-07-31,1820,2017,07
XC40,2017-07-31,0,2017,07
XC60,2017-07-31,13713,2017,07
XC60 II,2017-07-31,2427,2017,07
XC70 III,2017-07-31,3,2017,07
XC90 II,2017-07-31,6547,2017,07
S60 CC,2018-06-30,113,2018,06
S60 II,2018-06-30,1571,2018,06
S60L,2018-06-30,2246,2018,06
S80 II,2018-06-30,0,2018,06
S90,2018-06-30,5561,2018,06
V40,2018-06-30,5397,2018,06
V40 CC,2018-06-30,1621,2018,06
V60,2018-06-30,3336,2018,06
V60 CC,2018-06-30,1477,2018,06
V60 II,2018-06-30,1004,2018,06
V70 III,2018-06-30,0,2018,06
V90,2018-06-30,3593,2018,06
V90 CC,2018-06-30,2521,2018,06
XC40,2018-06-30,6538,2018,06
XC60,2018-06-30,70,2018,06
XC60 II,2018-06-30,19534,2018,06
XC70 III,2018-06-30,0,2018,06
XC90 II,2018-06-30,9476,2018,06
S60 CC,2017-06-30,87,2017,06
S60 II,2017-06-30,1763,2017,06
S60L,2017-06-30,3265,2017,06
S80 II,2017-06-30,0,2017,06
S90,2017-06-30,3455,2017,06
V40,2017-06-30,7191,2017,06
V40 CC,2017-06-30,2243,2017,06
V60,2017-06-30,2978,2017,06
V60 CC,2017-06-30,1533,2017,06
V60 II,2017-06-30,0,2017,06
V70 III,2017-06-30,1,2017,06
V90,2017-06-30,3767,2017,06
V90 CC,2017-06-30,2401,2017,06
XC40,2017-06-30,0,2017,06
XC60,2017-06-30,16905,2017,06
XC60 II,2017-06-30,781,2017,06
XC70 III,2017-06-30,9,2017,06
XC90 II,2017-06-30,7972,2017,06
Other,2018-05-31,95,2018,05
S60 CC,2018-05-31,69,2018,05
S60 II,2018-05-31,1494,2018,05
S60L,2018-05-31,2515,2018,05
S80 II,2018-05-31,0,2018,05
S90,2018-05-31,4851,2018,05
V40,2018-05-31,4477,2018,05
V40 CC,2018-05-31,1367,2018,05
V60,2018-05-31,2771,2018,05
V60 CC,2018-05-31,1529,2018,05
V70 III,2018-05-31,0,2018,05
V90,2018-05-31,2698,2018,05
V90 CC,2018-05-31,1939,2018,05
XC40,2018-05-31,5413,2018,05
XC60,2018-05-31,171,2018,05
XC60 II,2018-05-31,16171,2018,05
XC70 III,2018-05-31,0,2018,05
XC90 II,2018-05-31,7979,2018,05
Other,2017-05-31,0,2017,05
S60 CC,2017-05-31,120,2017,05
S60 II,2017-05-31,1551,2017,05
S60L,2017-05-31,2841,2017,05
S80 II,2017-05-31,0,2017,05
S90,2017-05-31,3172,2017,05
V40,2017-05-31,6209,2017,05
V40 CC,2017-05-31,1788,2017,05
V60,2017-05-31,2861,2017,05
V60 CC,2017-05-31,1563,2017,05
V70 III,2017-05-31,6,2017,05
V90,2017-05-31,2954,2017,05
V90 CC,2017-05-31,1843,2017,05
XC40,2017-05-31,0,2017,05
XC60,2017-05-31,15639,2017,05
XC60 II,2017-05-31,48,2017,05
XC70 III,2017-05-31,5,2017,05
XC90 II,2017-05-31,6647,2017,05
S60 CC,2018-04-30,64,2018,04
S60 II,2018-04-30,1651,2018,04
S60L,2018-04-30,2284,2018,04
S80 II,2018-04-30,0,2018,04
S90,2018-04-30,4847,2018,04
V40,2018-04-30,4976,2018,04
V40 CC,2018-04-30,1543,2018,04
V60,2018-04-30,2886,2018,04
V60 CC,2018-04-30,1544,2018,04
V70 III,2018-04-30,0,2018,04
V90,2018-04-30,3081,2018,04
V90 CC,2018-04-30,1911,2018,04
XC40,2018-04-30,5554,2018,04
XC60,2018-04-30,213,2018,04
XC60 II,2018-04-30,14840,2018,04
XC70 III,2018-04-30,0,2018,04
XC90 II,2018-04-30,7241,2018,04
S60 CC,2017-04-30,167,2017,04
S60 II,2017-04-30,1580,2017,04
S60L,2017-04-30,2474,2017,04
S80 II,2017-04-30,2,2017,04
S90,2017-04-30,3391,2017,04
V40,2017-04-30,5690,2017,04
V40 CC,2017-04-30,1887,2017,04
V60,2017-04-30,3569,2017,04
V60 CC,2017-04-30,1635,2017,04
V70 III,2017-04-30,14,2017,04
V90,2017-04-30,2896,2017,04
V90 CC,2017-04-30,1734,2017,04
XC40,2017-04-30,0,2017,04
XC60,2017-04-30,15434,2017,04
XC60 II,2017-04-30,0,2017,04
XC70 III,2017-04-30,25,2017,04
XC90 II,2017-04-30,6397,2017,04
S60 CC,2018-03-31,107,2018,03
S60 II,2018-03-31,2153,2018,03
S60L,2018-03-31,2324,2018,03
S80 II,2018-03-31,0,2018,03
S90,2018-03-31,5832,2018,03
V40,2018-03-31,8081,2018,03
V40 CC,2018-03-31,1974,2018,03
V60,2018-03-31,3669,2018,03
V60 CC,2018-03-31,1596,2018,03
V70 III,2018-03-31,0,2018,03
V90,2018-03-31,4639,2018,03
V90 CC,2018-03-31,2165,2018,03
XC40,2018-03-31,4261,2018,03
XC60,2018-03-31,377,2018,03
XC60 II,2018-03-31,16277,2018,03
XC70 III,2018-03-31,0,2018,03
XC90 II,2018-03-31,9583,2018,03
S60 CC,2017-03-31,167,2017,03
S60 II,2017-03-31,2013,2017,03
S60L,2017-03-31,3089,2017,03
S80 II,2017-03-31,0,2017,03
S90,2017-03-31,3344,2017,03
V40,2017-03-31,9148,2017,03
V40 CC,2017-03-31,2304,2017,03
V60,2017-03-31,4286,2017,03
V60 CC,2017-03-31,1847,2017,03
V70 III,2017-03-31,22,2017,03
V90,2017-03-31,3164,2017,03
V90 CC,2017-03-31,1673,2017,03
XC40,2017-03-31,0,2017,03
XC60,2017-03-31,18420,2017,03
XC60 II,2017-03-31,0,2017,03
XC70 III,2017-03-31,20,2017,03
XC90 II,2017-03-31,7661,2017,03
S60 CC,2018-02-28,89,2018,02
S60 II,2018-02-28,1179,2018,02
S60L,2018-02-28,1759,2018,02
S80 II,2018-02-28,0,2018,02
S90,2018-02-28,3829,2018,02
V40,2018-02-28,4722,2018,02
V40 CC,2018-02-28,1387,2018,02
V60,2018-02-28,2824,2018,02
V60 CC,2018-02-28,1232,2018,02
V70 III,2018-02-28,0,2018,02
V90,2018-02-28,3305,2018,02
V90 CC,2018-02-28,1724,2018,02
XC40,2018-02-28,1580,2018,02
XC60,2018-02-28,384,2018,02
XC60 II,2018-02-28,10308,2018,02
XC70 III,2018-02-28,0,2018,02
XC90 II,2018-02-28,6607,2018,02
S60 CC,2017-02-28,85,2017,02
S60 II,2017-02-28,1479,2017,02
S60L,2017-02-28,1968,2017,02
S80 II,2017-02-28,6,2017,02
S90,2017-02-28,2141,2017,02
V40,2017-02-28,5075,2017,02
V40 CC,2017-02-28,1334,2017,02
V60,2017-02-28,2975,2017,02
V60 CC,2017-02-28,1269,2017,02
V70 III,2017-02-28,40,2017,02
V90,2017-02-28,2879,2017,02
V90 CC,2017-02-28,835,2017,02
XC40,2017-02-28,0,2017,02
XC60,2017-02-28,11393,2017,02
XC60 II,2017-02-28,0,2017,02
XC70 III,2017-02-28,36,2017,02
XC90 II,2017-02-28,5000,2017,02
S60 CC,2018-01-31,108,2018,01
S60 II,2018-01-31,1370,2018,01
S60L,2018-01-31,2710,2018,01
S80 II,2018-01-31,0,2018,01
S90,2018-01-31,6057,2018,01
V40,2018-01-31,4809,2018,01
V40 CC,2018-01-31,1234,2018,01
V60,2018-01-31,2527,2018,01
V60 CC,2018-01-31,1145,2018,01
V70 III,2018-01-31,0,2018,01
V90,2018-01-31,2380,2018,01
V90 CC,2018-01-31,1494,2018,01
XC40,2018-01-31,395,2018,01
XC60,2018-01-31,782,2018,01
XC60 II,2018-01-31,11656,2018,01
XC70 III,2018-01-31,0,2018,01
XC90 II,2018-01-31,6772,2018,01
S60 CC,2017-01-31,85,2017,01
S60 II,2017-01-31,1333,2017,01
S60L,2017-01-31,2104,2017,01
S80 II,2017-01-31,3,2017,01
S90,2017-01-31,1843,2017,01
V40,2017-01-31,4367,2017,01
V40 CC,2017-01-31,1318,2017,01
V60,2017-01-31,2805,2017,01
V60 CC,2017-01-31,1164,2017,01
V70 III,2017-01-31,38,2017,01
V90,2017-01-31,2275,2017,01
V90 CC,2017-01-31,229,2017,01
XC40,2017-01-31,0,2017,01
XC60,2017-01-31,11330,2017,01
XC60 II,2017-01-31,0,2017,01
XC70 III,2017-01-31,72,2017,01
XC90 II,2017-01-31,6509,2017,01
C70 II,2016-12-31,0,2016,12
S40 II,2016-12-31,0,2016,12
S60 CC,2016-12-31,169,2016,12
S60 II,2016-12-31,2539,2016,12
S60L,2016-12-31,4438,2016,12
S80 II,2016-12-31,49,2016,12
S80L,2016-12-31,16,2016,12
S90,2016-12-31,2050,2016,12
V40,2016-12-31,9123,2016,12
V40 CC,2016-12-31,2500,2016,12
V60,2016-12-31,5422,2016,12
V60 CC,2016-12-31,2015,2016,12
V70 III,2016-12-31,524,2016,12
V90,2016-12-31,2461,2016,12
V90 CC,2016-12-31,37,2016,12
XC60,2016-12-31,18987,2016,12
XC70 III,2016-12-31,404,2016,12
XC90,2016-12-31,0,2016,12
XC90 II,2016-12-31,10070,2016,12
C70 II,2015-12-31,0,2015,12
S40 II,2015-12-31,0,2015,12
S60 CC,2015-12-31,273,2015,12
S60 II,2015-12-31,2746,2015,12
S60L,2015-12-31,4035,2015,12
S80 II,2015-12-31,648,2015,12
S80L,2015-12-31,633,2015,12
S90,2015-12-31,0,2015,12
V40,2015-12-31,10471,2015,12
V40 CC,2015-12-31,2600,2015,12
V60,2015-12-31,5637,2015,12
V60 CC,2015-12-31,1907,2015,12
V70 III,2015-12-31,3214,2015,12
V90,2015-12-31,0,2015,12
V90 CC,2015-12-31,0,2015,12
XC60,2015-12-31,17264,2015,12
XC70 III,2015-12-31,3155,2015,12
XC90,2015-12-31,365,2015,12
XC90 II,2015-12-31,9177,2015,12
C70 II,2016-11-30,0,2016,11
S40 II,2016-11-30,0,2016,11
S60 CC,2016-11-30,130,2016,11
S60 II,2016-11-30,1981,2016,11
S60L,2016-11-30,3594,2016,11
S80 II,2016-11-30,107,2016,11
S80L,2016-11-30,0,2016,11
S90,2016-11-30,1590,2016,11
V40,2016-11-30,7167,2016,11
V40 CC,2016-11-30,1903,2016,11
V60,2016-11-30,4478,2016,11
V60 CC,2016-11-30,1883,2016,11
V70 III,2016-11-30,196,2016,11
V90,2016-11-30,1684,2016,11
XC60,2016-11-30,15610,2016,11
XC70 III,2016-11-30,560,2016,11
XC90,2016-11-30,0,2016,11
XC90 II,2016-11-30,7872,2016,11
C70 II,2015-11-30,0,2015,11
S40 II,2015-11-30,0,2015,11
S60 CC,2015-11-30,129,2015,11
S60 II,2015-11-30,2260,2015,11
S60L,2015-11-30,3047,2015,11
S80 II,2015-11-30,865,2015,11
S80L,2015-11-30,668,2015,11
S90,2015-11-30,0,2015,11
V40,2015-11-30,7765,2015,11
V40 CC,2015-11-30,1891,2015,11
V60,2015-11-30,4262,2015,11
V60 CC,2015-11-30,1380,2015,11
V70 III,2015-11-30,2573,2015,11
V90,2015-11-30,0,2015,11
XC60,2015-11-30,13988,2015,11
XC70 III,2015-11-30,2903,2015,11
XC90,2015-11-30,533,2015,11
XC90 II,2015-11-30,6792,2015,11
C70 II,2016-10-31,0,2016,10
S40 II,2016-10-31,0,2016,10
S60 CC,2016-10-31,173,2016,10
S60 II,2016-10-31,1870,2016,10
S60L,2016-10-31,3300,2016,10
S80 II,2016-10-31,58,2016,10
S80L,2016-10-31,0,2016,10
S90,2016-10-31,1149,2016,10
V40,2016-10-31,7054,2016,10
V40 CC,2016-10-31,1843,2016,10
V60,2016-10-31,3580,2016,10
V60 CC,2016-10-31,1474,2016,10
V70 III,2016-10-31,265,2016,10
V90,2016-10-31,2214,2016,10
XC60,2016-10-31,14558,2016,10
XC70 III,2016-10-31,673,2016,10
XC90,2016-10-31,0,2016,10
XC90 II,2016-10-31,7231,2016,10
C70 II,2015-10-31,0,2015,10
S40 II,2015-10-31,0,2015,10
S60 CC,2015-10-31,147,2015,10
S60 II,2015-10-31,2624,2015,10
S60L,2015-10-31,2728,2015,10
S80 II,2015-10-31,595,2015,10
S80L,2015-10-31,341,2015,10
S90,2015-10-31,0,2015,10
V40,2015-10-31,6611,2015,10
V40 CC,2015-10-31,1796,2015,10
V60,2015-10-31,4294,2015,10
V60 CC,2015-10-31,1788,2015,10
V70 III,2015-10-31,2710,2015,10
V90,2015-10-31,0,2015,10
XC60,2015-10-31,12645,2015,10
XC70 III,2015-10-31,3013,2015,10
XC90,2015-10-31,78,2015,10
XC90 II,2015-10-31,6430,2015,10
C70 II,2016-09-30,0,2016,09
S60 CC,2016-09-30,152,2016,09
S60 II,2016-09-30,1737,2016,09
S60L,2016-09-30,3976,2016,09
S80 II,2016-09-30,125,2016,09
S80L,2016-09-30,0,2016,09
S90,2016-09-30,970,2016,09
V40,2016-09-30,8295,2016,09
V40 CC,2016-09-30,2046,2016,09
V60,2016-09-30,3464,2016,09
V60 CC,2016-09-30,1541,2016,09
V70 III,2016-09-30,440,2016,09
V90,2016-09-30,953,2016,09
XC60,2016-09-30,15551,2016,09
XC70 III,2016-09-30,1153,2016,09
XC90,2016-09-30,0,2016,09
XC90 II,2016-09-30,7856,2016,09
C70 II,2015-09-30,1,2015,09
S60 CC,2015-09-30,106,2015,09
S60 II,2015-09-30,2506,2015,09
S60L,2015-09-30,2594,2015,09
S80 II,2015-09-30,451,2015,09
S80L,2015-09-30,140,2015,09
S90,2015-09-30,0,2015,09
V40,2015-09-30,8291,2015,09
V40 CC,2015-09-30,2207,2015,09
V60,2015-09-30,3863,2015,09
V60 CC,2015-09-30,1235,2015,09
V70 III,2015-09-30,2342,2015,09
V90,2015-09-30,0,2015,09
XC60,2015-09-30,15126,2015,09
XC70 III,2015-09-30,2312,2015,09
XC90,2015-09-30,182,2015,09
XC90 II,2015-09-30,4183,2015,09
C70 I,2016-08-31,0,2016,08
C70 II,2016-08-31,0,2016,08
S40 II,2016-08-31,0,2016,08
S60 CC,2016-08-31,157,2016,08
S60 II,2016-08-31,1579,2016,08
S60L,2016-08-31,2890,2016,08
S80 II,2016-08-31,198,2016,08
S80L,2016-08-31,0,2016,08
S90,2016-08-31,552,2016,08
V40,2016-08-31,3966,2016,08
V40 CC,2016-08-31,978,2016,08
V60,2016-08-31,2201,2016,08
V60 CC,2016-08-31,1172,2016,08
V70 III,2016-08-31,586,2016,08
V90,2016-08-31,246,2016,08
XC60,2016-08-31,9946,2016,08
XC70 III,2016-08-31,1674,2016,08
XC90,2016-08-31,0,2016,08
XC90 II,2016-08-31,6681,2016,08
C70 I,2015-08-31,0,2015,08
C70 II,2015-08-31,0,2015,08
S40 II,2015-08-31,0,2015,08
S60 CC,2015-08-31,93,2015,08
S60 II,2015-08-31,2730,2015,08
S60L,2015-08-31,1744,2015,08
S80 II,2015-08-31,315,2015,08
S80L,2015-08-31,195,2015,08
S90,2015-08-31,0,2015,08
V40,2015-08-31,5014,2015,08
V40 CC,2015-08-31,1380,2015,08
V60,2015-08-31,2282,2015,08
V60 CC,2015-08-31,844,2015,08
V70 III,2015-08-31,1649,2015,08
V90,2015-08-31,0,2015,08
XC60,2015-08-31,9595,2015,08
XC70 III,2015-08-31,1438,2015,08
XC90,2015-08-31,129,2015,08
XC90 II,2015-08-31,2787,2015,08
C70 II,2016-07-31,0,2016,07
S40 II,2016-07-31,0,2016,07
S60 CC,2016-07-31,122,2016,07
S60 II,2016-07-31,2684,2016,07
S60L,2016-07-31,2630,2016,07
S80 II,2016-07-31,227,2016,07
S80L,2016-07-31,0,2016,07
S90,2016-07-31,885,2016,07
V40,2016-07-31,6270,2016,07
V40 CC,2016-07-31,1565,2016,07
V60,2016-07-31,2957,2016,07
V60 CC,2016-07-31,1357,2016,07
V70 III,2016-07-31,618,2016,07
V90,2016-07-31,79,2016,07
XC60,2016-07-31,12623,2016,07
XC70 III,2016-07-31,1762,2016,07
XC90,2016-07-31,3,2016,07
XC90 II,2016-07-31,7899,2016,07
C70 II,2015-07-31,1,2015,07
S40 II,2015-07-31,0,2015,07
S60 CC,2015-07-31,16,2015,07
S60 II,2015-07-31,2743,2015,07
S60L,2015-07-31,1790,2015,07
S80 II,2015-07-31,396,2015,07
S80L,2015-07-31,163,2015,07
S90,2015-07-31,0,2015,07
V40,2015-07-31,5566,2015,07
V40 CC,2015-07-31,1532,2015,07
V60,2015-07-31,3508,2015,07
V60 CC,2015-07-31,838,2015,07
V70 III,2015-07-31,1926,2015,07
V90,2015-07-31,0,2015,07
XC60,2015-07-31,12933,2015,07
XC70 III,2015-07-31,2098,2015,07
XC90,2015-07-31,85,2015,07
XC90 II,2015-07-31,4533,2015,07
C70 II,2016-06-30,0,2016,06
S40 II,2016-06-30,0,2016,06
S60 CC,2016-06-30,206,2016,06
S60 II,2016-06-30,2687,2016,06
S60L,2016-06-30,3420,2016,06
S80 II,2016-06-30,335,2016,06
S80L,2016-06-30,0,2016,06
S90,2016-06-30,161,2016,06
V40,2016-06-30,8110,2016,06
V40 CC,2016-06-30,2032,2016,06
V60,2016-06-30,4385,2016,06
V60 CC,2016-06-30,1900,2016,06
V70 III,2016-06-30,1212,2016,06
XC60,2016-06-30,15536,2016,06
XC70 III,2016-06-30,3167,2016,06
XC90,2016-06-30,0,2016,06
XC90 II,2016-06-30,8280,2016,06
C70 II,2015-06-30,0,2015,06
S40 II,2015-06-30,0,2015,06
S60 CC,2015-06-30,0,2015,06
S60 II,2015-06-30,3529,2015,06
S60L,2015-06-30,2185,2015,06
S80 II,2015-06-30,721,2015,06
S80L,2015-06-30,185,2015,06
S90,2015-06-30,0,2015,06
V40,2015-06-30,7488,2015,06
V40 CC,2015-06-30,2143,2015,06
V60,2015-06-30,4548,2015,06
V60 CC,2015-06-30,894,2015,06
V70 III,2015-06-30,2633,2015,06
XC60,2015-06-30,14987,2015,06
XC70 III,2015-06-30,2438,2015,06
XC90,2015-06-30,131,2015,06
XC90 II,2015-06-30,4638,2015,06
C70 I,2016-05-31,0,2016,05
C70 II,2016-05-31,0,2016,05
S40 II,2016-05-31,0,2016,05
S60 CC,2016-05-31,173,2016,05
S60 II,2016-05-31,2115,2016,05
S60L,2016-05-31,2372,2016,05
S80 II,2016-05-31,416,2016,05
S80L,2016-05-31,0,2016,05
S90,2016-05-31,26,2016,05
V40,2016-05-31,6105,2016,05
V40 CC,2016-05-31,1728,2016,05
V60,2016-05-31,3623,2016,05
V60 CC,2016-05-31,1396,2016,05
V70 III,2016-05-31,2024,2016,05
XC60,2016-05-31,12029,2016,05
XC70 III,2016-05-31,3382,2016,05
XC90,2016-05-31,4,2016,05
XC90 II,2016-05-31,6714,2016,05
C70 I,2015-05-31,0,2015,05
C70 II,2015-05-31,0,2015,05
S40 II,2015-05-31,0,2015,05
S60 CC,2015-05-31,0,2015,05
S60 II,2015-05-31,3485,2015,05
S60L,2015-05-31,2129,2015,05
S80 II,2015-05-31,572,2015,05
S80L,2015-05-31,175,2015,05
S90,2015-05-31,0,2015,05
V40,2015-05-31,6923,2015,05
V40 CC,2015-05-31,1915,2015,05
V60,2015-05-31,4579,2015,05
V60 CC,2015-05-31,418,2015,05
V70 III,2015-05-31,2276,2015,05
XC60,2015-05-31,13183,2015,05
XC70 III,2015-05-31,2432,2015,05
XC90,2015-05-31,133,2015,05
XC90 II,2015-05-31,1699,2015,05
C70 II,2016-04-30,1,2016,04
S40 II,2016-04-30,1,2016,04
S60 CC,2016-04-30,153,2016,04
S60 II,2016-04-30,1756,2016,04
S60L,2016-04-30,2192,2016,04
S80 II,2016-04-30,420,2016,04
S80L,2016-04-30,0,2016,04
V40,2016-04-30,5766,2016,04
V40 CC,2016-04-30,1599,2016,04
V60,2016-04-30,3086,2016,04
V60 CC,2016-04-30,1488,2016,04
V70 III,2016-04-30,2628,2016,04
XC60,2016-04-30,11937,2016,04
XC70 III,2016-04-30,3271,2016,04
XC90,2016-04-30,34,2016,04
XC90 II,2016-04-30,8102,2016,04
C70 II,2015-04-30,2,2015,04
S40 II,2015-04-30,0,2015,04
S60 CC,2015-04-30,0,2015,04
S60 II,2015-04-30,3145,2015,04
S60L,2015-04-30,1944,2015,04
S80 II,2015-04-30,612,2015,04
S80L,2015-04-30,321,2015,04
V40,2015-04-30,6239,2015,04
V40 CC,2015-04-30,1811,2015,04
V60,2015-04-30,4711,2015,04
V60 CC,2015-04-30,349,2015,04
V70 III,2015-04-30,2386,2015,04
XC60,2015-04-30,13187,2015,04
XC70 III,2015-04-30,2825,2015,04
XC90,2015-04-30,211,2015,04
XC90 II,2015-04-30,381,2015,04
C30,2016-03-31,0,2016,03
C70 II,2016-03-31,0,2016,03
S60 CC,2016-03-31,197,2016,03
S60 II,2016-03-31,2311,2016,03
S60L,2016-03-31,2872,2016,03
S80 II,2016-03-31,538,2016,03
S80L,2016-03-31,2,2016,03
V40,2016-03-31,8560,2016,03
V40 CC,2016-03-31,2405,2016,03
V60,2016-03-31,4130,2016,03
V60 CC,2016-03-31,1726,2016,03
V70 III,2016-03-31,2795,2016,03
XC60,2016-03-31,14676,2016,03
XC70 III,2016-03-31,3380,2016,03
XC90,2016-03-31,146,2016,03
XC90 II,2016-03-31,8541,2016,03
C30,2015-03-31,5,2015,03
C70 II,2015-03-31,2,2015,03
S60 CC,2015-03-31,0,2015,03
S60 II,2015-03-31,4409,2015,03
S60L,2015-03-31,1925,2015,03
S80 II,2015-03-31,570,2015,03
S80L,2015-03-31,261,2015,03
V40,2015-03-31,8898,2015,03
V40 CC,2015-03-31,2687,2015,03
V60,2015-03-31,5621,2015,03
V60 CC,2015-03-31,253,2015,03
V70 III,2015-03-31,2648,2015,03
XC60,2015-03-31,15925,2015,03
XC70 III,2015-03-31,3468,2015,03
XC90,2015-03-31,214,2015,03
XC90 II,2015-03-31,1,2015,03
C70 II,2016-02-29,0,2016,02
S60 CC,2016-02-29,117,2016,02
S60 II,2016-02-29,1609,2016,02
S60L,2016-02-29,1606,2016,02
S80 II,2016-02-29,320,2016,02
S80L,2016-02-29,8,2016,02
V40,2016-02-29,4813,2016,02
V40 CC,2016-02-29,1387,2016,02
V60,2016-02-29,2632,2016,02
V60 CC,2016-02-29,1366,2016,02
V70 III,2016-02-29,2096,2016,02
XC60,2016-02-29,9425,2016,02
XC70 III,2016-02-29,2495,2016,02
XC90,2016-02-29,622,2016,02
XC90 II,2016-02-29,6055,2016,02
C70 II,2015-02-28,0,2015,02
S60 CC,2015-02-28,0,2015,02
S60 II,2015-02-28,2698,2015,02
S60L,2015-02-28,1560,2015,02
S80 II,2015-02-28,439,2015,02
S80L,2015-02-28,166,2015,02
V40,2015-02-28,4620,2015,02
V40 CC,2015-02-28,1793,2015,02
V60,2015-02-28,4066,2015,02
V60 CC,2015-02-28,73,2015,02
V70 III,2015-02-28,1891,2015,02
XC60,2015-02-28,10381,2015,02
XC70 III,2015-02-28,2084,2015,02
XC90,2015-02-28,214,2015,02
XC90 II,2015-02-28,0,2015,02
C70 II,2016-01-31,0,2016,01
S60 CC,2016-01-31,149,2016,01
S60 II,2016-01-31,1591,2016,01
S60L,2016-01-31,2295,2016,01
S80 II,2016-01-31,315,2016,01
S80L,2016-01-31,37,2016,01
V40,2016-01-31,4870,2016,01
V40 CC,2016-01-31,1295,2016,01
V60,2016-01-31,2278,2016,01
V60 CC,2016-01-31,1083,2016,01
V70 III,2016-01-31,1504,2016,01
XC60,2016-01-31,10213,2016,01
XC70 III,2016-01-31,1793,2016,01
XC90,2016-01-31,118,2016,01
XC90 II,2016-01-31,6219,2016,01
C70 II,2015-01-31,6,2015,01
S60 CC,2015-01-31,0,2015,01
S60 II,2015-01-31,3089,2015,01
S60L,2015-01-31,1671,2015,01
S80 II,2015-01-31,577,2015,01
S80L,2015-01-31,321,2015,01
V40,2015-01-31,5471,2015,01
V40 CC,2015-01-31,1519,2015,01
V60,2015-01-31,3961,2015,01
V60 CC,2015-01-31,28,2015,01
V70 III,2015-01-31,1593,2015,01
XC60,2015-01-31,10403,2015,01
XC70 III,2015-01-31,2009,2015,01
XC90,2015-01-31,206,2015,01
XC90 II,2015-01-31,0,2015,01
C30,2014-12-31,1,2014,12
C70 II,2014-12-31,1,2014,12
S40 II,2014-12-31,1,2014,12
S60 II,2014-12-31,4029,2014,12
S60L,2014-12-31,3284,2014,12
S80 II,2014-12-31,648,2014,12
S80L,2014-12-31,458,2014,12
V40,2014-12-31,9587,2014,12
V40 CC,2014-12-31,2623,2014,12
V50,2014-12-31,3,2014,12
V60,2014-12-31,5677,2014,12
V70 III,2014-12-31,2676,2014,12
XC60,2014-12-31,14429,2014,12
XC70 III,2014-12-31,3151,2014,12
XC90,2014-12-31,477,2014,12
C30,2013-12-31,57,2013,12
C70 II,2013-12-31,310,2013,12
S40 II,2013-12-31,1,2013,12
S60 II,2013-12-31,4720,2013,12
S60L,2013-12-31,67,2013,12
S80 II,2013-12-31,735,2013,12
S80L,2013-12-31,401,2013,12
V40,2013-12-31,8093,2013,12
V40 CC,2013-12-31,2468,2013,12
V50,2013-12-31,2,2013,12
V60,2013-12-31,6042,2013,12
V70 III,2013-12-31,2304,2013,12
XC60,2013-12-31,12308,2013,12
XC70 III,2013-12-31,2882,2013,12
XC90,2013-12-31,2661,2013,12
C30,2014-11-30,0,2014,11
C70 II,2014-11-30,2,2014,11
S40 II,2014-11-30,0,2014,11
S60 II,2014-11-30,2927,2014,11
S60L,2014-11-30,2520,2014,11
S80 II,2014-11-30,721,2014,11
S80L,2014-11-30,355,2014,11
V40,2014-11-30,7328,2014,11
V40 CC,2014-11-30,2263,2014,11
V50,2014-11-30,0,2014,11
V60,2014-11-30,4773,2014,11
V70 III,2014-11-30,2497,2014,11
XC60,2014-11-30,12360,2014,11
XC70 III,2014-11-30,2714,2014,11
XC90,2014-11-30,481,2014,11
C30,2013-11-30,93,2013,11
C70 II,2013-11-30,268,2013,11
S40 II,2013-11-30,0,2013,11
S60 II,2013-11-30,4528,2013,11
S60L,2013-11-30,0,2013,11
S80 II,2013-11-30,680,2013,11
S80L,2013-11-30,288,2013,11
V40,2013-11-30,7553,2013,11
V40 CC,2013-11-30,2242,2013,11
V50,2013-11-30,9,2013,11
V60,2013-11-30,5350,2013,11
V70 III,2013-11-30,2409,2013,11
XC60,2013-11-30,10119,2013,11
XC70 III,2013-11-30,2349,2013,11
XC90,2013-11-30,2057,2013,11
C30,2014-10-31,10,2014,10
C70 II,2014-10-31,1,2014,10
S40 II,2014-10-31,2,2014,10
S60 II,2014-10-31,3155,2014,10
S60L,2014-10-31,2414,2014,10
S80 II,2014-10-31,672,2014,10
S80L,2014-10-31,366,2014,10
V40,2014-10-31,7560,2014,10
V40 CC,2014-10-31,2421,2014,10
V50,2014-10-31,0,2014,10
V60,2014-10-31,5977,2014,10
V70 III,2014-10-31,2754,2014,10
XC60,2014-10-31,11895,2014,10
XC70 III,2014-10-31,2614,2014,10
XC90,2014-10-31,839,2014,10
C30,2013-10-31,105,2013,10
C70 II,2013-10-31,349,2013,10
S40 II,2013-10-31,2,2013,10
S60 II,2013-10-31,4073,2013,10
S60L,2013-10-31,0,2013,10
S80 II,2013-10-31,669,2013,10
S80L,2013-10-31,157,2013,10
V40,2013-10-31,7259,2013,10
V40 CC,2013-10-31,2230,2013,10
V50,2013-10-31,2,2013,10
V60,2013-10-31,5170,2013,10
V70 III,2013-10-31,2323,2013,10
XC60,2013-10-31,9954,2013,10
XC70 III,2013-10-31,2079,2013,10
XC90,2013-10-31,1755,2013,10
C30,2014-09-30,2,2014,09
C70 II,2014-09-30,8,2014,09
S40 II,2014-09-30,0,2014,09
S60 II,2014-09-30,3866,2014,09
S60L,2014-09-30,2551,2014,09
S80 II,2014-09-30,710,2014,09
S80L,2014-09-30,384,2014,09
V40,2014-09-30,8850,2014,09
V40 CC,2014-09-30,2541,2014,09
V50,2014-09-30,0,2014,09
V60,2014-09-30,5921,2014,09
V70 III,2014-09-30,2546,2014,09
XC60,2014-09-30,12970,2014,09
XC70 III,2014-09-30,2689,2014,09
XC90,2014-09-30,1453,2014,09
C30,2013-09-30,180,2013,09
C70 II,2013-09-30,343,2013,09
S40 II,2013-09-30,5,2013,09
S60 II,2013-09-30,5165,2013,09
S60L,2013-09-30,0,2013,09
S80 II,2013-09-30,781,2013,09
S80L,2013-09-30,153,2013,09
V40,2013-09-30,8220,2013,09
V40 CC,2013-09-30,2463,2013,09
V50,2013-09-30,4,2013,09
V60,2013-09-30,5969,2013,09
V70 III,2013-09-30,2493,2013,09
XC60,2013-09-30,10757,2013,09
XC70 III,2013-09-30,2367,2013,09
XC90,2013-09-30,2052,2013,09
C30,2014-08-31,2,2014,08
C70 II,2014-08-31,14,2014,08
S40 II,2014-08-31,1,2014,08
S60 II,2014-08-31,3143,2014,08
S60L,2014-08-31,2108,2014,08
S80 II,2014-08-31,458,2014,08
S80L,2014-08-31,346,2014,08
V40,2014-08-31,4775,2014,08
V40 CC,2014-08-31,1437,2014,08
V50,2014-08-31,0,2014,08
V60,2014-08-31,3584,2014,08
V70 III,2014-08-31,1597,2014,08
XC60,2014-08-31,8695,2014,08
XC70 III,2014-08-31,1742,2014,08
XC90,2014-08-31,1355,2014,08
C30,2013-08-31,172,2013,08
C70 II,2013-08-31,708,2013,08
S40 II,2013-08-31,7,2013,08
S60 II,2013-08-31,4139,2013,08
S60L,2013-08-31,0,2013,08
S80 II,2013-08-31,523,2013,08
S80L,2013-08-31,137,2013,08
V40,2013-08-31,4726,2013,08
V40 CC,2013-08-31,1296,2013,08
V50,2013-08-31,9,2013,08
V60,2013-08-31,3243,2013,08
V70 III,2013-08-31,1493,2013,08
XC60,2013-08-31,7646,2013,08
XC70 III,2013-08-31,1416,2013,08
XC90,2013-08-31,1483,2013,08
C30,2014-07-31,4,2014,07
C70 II,2014-07-31,32,2014,07
S40 II,2014-07-31,3,2014,07
S60 II,2014-07-31,3510,2014,07
S60L,2014-07-31,2102,2014,07
S80 II,2014-07-31,536,2014,07
S80L,2014-07-31,301,2014,07
V40,2014-07-31,6880,2014,07
V40 CC,2014-07-31,2126,2014,07
V50,2014-07-31,0,2014,07
V60,2014-07-31,4466,2014,07
V70 III,2014-07-31,1913,2014,07
XC60,2014-07-31,10803,2014,07
XC70 III,2014-07-31,1867,2014,07
XC90,2014-07-31,1896,2014,07
C30,2013-07-31,327,2013,07
C70 II,2013-07-31,531,2013,07
S40 II,2013-07-31,8,2013,07
S60 II,2013-07-31,4846,2013,07
S60L,2013-07-31,0,2013,07
S80 II,2013-07-31,628,2013,07
S80L,2013-07-31,225,2013,07
V40,2013-07-31,7057,2013,07
V40 CC,2013-07-31,1476,2013,07
V50,2013-07-31,14,2013,07
V60,2013-07-31,4219,2013,07
V70 III,2013-07-31,1904,2013,07
XC60,2013-07-31,8810,2013,07
XC70 III,2013-07-31,1642,2013,07
XC90,2013-07-31,1963,2013,07
C30,2014-06-30,1,2014,06
C70 II,2014-06-30,65,2014,06
S40 II,2014-06-30,1,2014,06
S60 II,2014-06-30,4533,2014,06
S60L,2014-06-30,2116,2014,06
S80 II,2014-06-30,615,2014,06
S80L,2014-06-30,433,2014,06
V40,2014-06-30,7850,2014,06
V40 CC,2014-06-30,2451,2014,06
V50,2014-06-30,1,2014,06
V60,2014-06-30,5524,2014,06
V70 III,2014-06-30,2485,2014,06
XC60,2014-06-30,12098,2014,06
XC70 III,2014-06-30,2742,2014,06
XC90,2014-06-30,2217,2014,06
C30,2013-06-30,448,2013,06
C70 II,2013-06-30,739,2013,06
S40 II,2013-06-30,15,2013,06
S60 II,2013-06-30,7210,2013,06
S60L,2013-06-30,0,2013,06
S80 II,2013-06-30,737,2013,06
S80L,2013-06-30,255,2013,06
V40,2013-06-30,6540,2013,06
V40 CC,2013-06-30,1980,2013,06
V50,2013-06-30,19,2013,06
V60,2013-06-30,4579,2013,06
V70 III,2013-06-30,2540,2013,06
XC60,2013-06-30,10961,2013,06
XC70 III,2013-06-30,2369,2013,06
XC90,2013-06-30,2546,2013,06
C30,2014-05-31,2,2014,05
C70 II,2014-05-31,152,2014,05
S40 II,2014-05-31,4,2014,05
S60 II,2014-05-31,4100,2014,05
S60L,2014-05-31,1910,2014,05
S80 II,2014-05-31,553,2014,05
S80L,2014-05-31,388,2014,05
V40,2014-05-31,6676,2014,05
V40 CC,2014-05-31,2349,2014,05
V50,2014-05-31,2,2014,05
V60,2014-05-31,5480,2014,05
V70 III,2014-05-31,2341,2014,05
XC60,2014-05-31,11823,2014,05
XC70 III,2014-05-31,2670,2014,05
XC90,2014-05-31,1999,2014,05
C30,2013-05-31,586,2013,05
C70 II,2013-05-31,660,2013,05
S40 II,2013-05-31,8,2013,05
S60 II,2013-05-31,5895,2013,05
S60L,2013-05-31,0,2013,05
S80 II,2013-05-31,583,2013,05
S80L,2013-05-31,189,2013,05
V40,2013-05-31,5953,2013,05
V40 CC,2013-05-31,1991,2013,05
V50,2013-05-31,15,2013,05
V60,2013-05-31,3811,2013,05
V70 III,2013-05-31,2191,2013,05
XC60,2013-05-31,9706,2013,05
XC70 III,2013-05-31,2043,2013,05
XC90,2013-05-31,2029,2013,05
C30,2014-04-30,27,2014,04
C70 II,2014-04-30,186,2014,04
S40 II,2014-04-30,4,2014,04
S60 II,2014-04-30,3863,2014,04
S60L,2014-04-30,1831,2014,04
S80 II,2014-04-30,591,2014,04
S80L,2014-04-30,416,2014,04
V40,2014-04-30,5987,2014,04
V40 CC,2014-04-30,1975,2014,04
V50,2014-04-30,0,2014,04
V60,2014-04-30,4800,2014,04
V70 III,2014-04-30,2456,2014,04
XC60,2014-04-30,10636,2014,04
XC70 III,2014-04-30,2758,2014,04
XC90,2014-04-30,1732,2014,04
C30,2013-04-30,746,2013,04
C70 II,2013-04-30,515,2013,04
S40 II,2013-04-30,14,2013,04
S60 II,2013-04-30,5074,2013,04
S60L,2013-04-30,0,2013,04
S80 II,2013-04-30,663,2013,04
S80L,2013-04-30,239,2013,04
V40,2013-04-30,5432,2013,04
V40 CC,2013-04-30,1913,2013,04
V50,2013-04-30,14,2013,04
V60,2013-04-30,4256,2013,04
V70 III,2013-04-30,2462,2013,04
XC60,2013-04-30,8575,2013,04
XC70 III,2013-04-30,2030,2013,04
XC90,2013-04-30,1769,2013,04
C30,2014-03-31,60,2014,03
C70 II,2014-03-31,181,2014,03
S40 II,2014-03-31,0,2014,03
S60 II,2014-03-31,4803,2014,03
S60L,2014-03-31,1300,2014,03
S80 II,2014-03-31,851,2014,03
S80L,2014-03-31,441,2014,03
V40,2014-03-31,9214,2014,03
V40 CC,2014-03-31,2715,2014,03
V50,2014-03-31,1,2014,03
V60,2014-03-31,6702,2014,03
V70 III,2014-03-31,2929,2014,03
XC60,2014-03-31,13665,2014,03
XC70 III,2014-03-31,2613,2014,03
XC90,2014-03-31,2375,2014,03
C30,2013-03-31,1221,2013,03
C70 II,2013-03-31,604,2013,03
S40 II,2013-03-31,46,2013,03
S60 II,2013-03-31,6390,2013,03
S60L,2013-03-31,0,2013,03
S80 II,2013-03-31,827,2013,03
S80L,2013-03-31,389,2013,03
V40,2013-03-31,7656,2013,03
V40 CC,2013-03-31,1658,2013,03
V50,2013-03-31,27,2013,03
V60,2013-03-31,5263,2013,03
V70 III,2013-03-31,2353,2013,03
XC60,2013-03-31,9797,2013,03
XC70 III,2013-03-31,2126,2013,03
XC90,2013-03-31,2219,2013,03
C30,2014-02-28,30,2014,02
C70 II,2014-02-28,169,2014,02
S40 II,2014-02-28,3,2014,02
S60 II,2014-02-28,3044,2014,02
S60L,2014-02-28,768,2014,02
S80 II,2014-02-28,503,2014,02
S80L,2014-02-28,358,2014,02
V40,2014-02-28,4993,2014,02
V40 CC,2014-02-28,1688,2014,02
V50,2014-02-28,1,2014,02
V60,2014-02-28,4445,2014,02
V70 III,2014-02-28,1900,2014,02
XC60,2014-02-28,8672,2014,02
XC70 III,2014-02-28,1954,2014,02
XC90,2014-02-28,1420,2014,02
C30,2013-02-28,792,2013,02
C70 II,2013-02-28,390,2013,02
S40 II,2013-02-28,28,2013,02
S60 II,2013-02-28,4572,2013,02
S60L,2013-02-28,0,2013,02
S80 II,2013-02-28,554,2013,02
S80L,2013-02-28,495,2013,02
V40,2013-02-28,5029,2013,02
V40 CC,2013-02-28,987,2013,02
V50,2013-02-28,43,2013,02
V60,2013-02-28,3301,2013,02
V70 III,2013-02-28,1800,2013,02
XC60,2013-02-28,7402,2013,02
XC70 III,2013-02-28,1705,2013,02
XC90,2013-02-28,1529,2013,02
C30,2014-01-31,31,2014,01
C70 II,2014-01-31,148,2014,01
S40 II,2014-01-31,1,2014,01
S60 II,2014-01-31,3282,2014,01
S60L,2014-01-31,464,2014,01
S80 II,2014-01-31,810,2014,01
S80L,2014-01-31,575,2014,01
V40,2014-01-31,5071,2014,01
V40 CC,2014-01-31,1504,2014,01
V50,2014-01-31,7,2014,01
V60,2014-01-31,4628,2014,01
V70 III,2014-01-31,1701,2014,01
XC60,2014-01-31,8947,2014,01
XC70 III,2014-01-31,1578,2014,01
XC90,2014-01-31,1625,2014,01
C30,2013-01-31,901,2013,01
C70 II,2013-01-31,341,2013,01
S40 II,2013-01-31,47,2013,01
S60 II,2013-01-31,4967,2013,01
S60L,2013-01-31,0,2013,01
S80 II,2013-01-31,571,2013,01
S80L,2013-01-31,603,2013,01
V40,2013-01-31,4789,2013,01
V40 CC,2013-01-31,900,2013,01
V50,2013-01-31,65,2013,01
V60,2013-01-31,3463,2013,01
V70 III,2013-01-31,1861,2013,01
XC60,2013-01-31,7975,2013,01
XC70 III,2013-01-31,1410,2013,01
XC90,2013-01-31,1721,2013,01
C30,2012-12-31,1286,2012,12
C70 II,2012-12-31,386,2012,12
S40 II,2012-12-31,93,2012,12
S60 II,2012-12-31,6042,2012,12
S80 II,2012-12-31,918,2012,12
S80L,2012-12-31,686,2012,12
V40,2012-12-31,4635,2012,12
V40 CC,2012-12-31,244,2012,12
V50,2012-12-31,398,2012,12
V60,2012-12-31,5570,2012,12
V70 III,2012-12-31,3100,2012,12
XC60,2012-12-31,9925,2012,12
XC70 III,2012-12-31,2468,2012,12
XC90,2012-12-31,2804,2012,12
C30,2011-12-31,2179,2011,12
C70 II,2011-12-31,551,2011,12
S40 II,2011-12-31,1757,2011,12
S60 II,2011-12-31,6265,2011,12
S80 II,2011-12-31,1229,2011,12
S80L,2011-12-31,1428,2011,12
V40,2011-12-31,0,2011,12
V40 CC,2011-12-31,0,2011,12
V50,2011-12-31,3548,2011,12
V60,2011-12-31,4536,2011,12
V70 III,2011-12-31,3079,2011,12
XC60,2011-12-31,9726,2011,12
XC70 III,2011-12-31,2998,2011,12
XC90,2011-12-31,4231,2011,12
C30,2012-11-30,1352,2012,11
C70 II,2012-11-30,442,2012,11
S40 II,2012-11-30,159,2012,11
S60 II,2012-11-30,5139,2012,11
S80 II,2012-11-30,853,2012,11
S80L,2012-11-30,490,2012,11
V40,2012-11-30,5470,2012,11
V50,2012-11-30,568,2012,11
V60,2012-11-30,4583,2012,11
V70 III,2012-11-30,2287,2012,11
XC60,2012-11-30,9727,2012,11
XC70 III,2012-11-30,2429,2012,11
XC90,2012-11-30,2365,2012,11
C30,2011-11-30,2301,2011,11
C70 II,2011-11-30,613,2011,11
S40 II,2011-11-30,1547,2011,11
S60 II,2011-11-30,5810,2011,11
S80 II,2011-11-30,918,2011,11
S80L,2011-11-30,770,2011,11
V40,2011-11-30,0,2011,11
V50,2011-11-30,3901,2011,11
V60,2011-11-30,4568,2011,11
V70 III,2011-11-30,3266,2011,11
XC60,2011-11-30,8488,2011,11
XC70 III,2011-11-30,2697,2011,11
XC90,2011-11-30,3495,2011,11
C30,2012-10-31,1235,2012,10
C70 II,2012-10-31,398,2012,10
S40 II,2012-10-31,245,2012,10
S60 II,2012-10-31,4245,2012,10
S80 II,2012-10-31,803,2012,10
S80L,2012-10-31,292,2012,10
V40,2012-10-31,6228,2012,10
V50,2012-10-31,680,2012,10
V60,2012-10-31,4857,2012,10
V70 III,2012-10-31,2709,2012,10
XC60,2012-10-31,8974,2012,10
XC70 III,2012-10-31,2090,2012,10
XC90,2012-10-31,2087,2012,10
C30,2011-10-31,2123,2011,10
C70 II,2011-10-31,575,2011,10
S40 II,2011-10-31,1665,2011,10
S60 II,2011-10-31,5645,2011,10
S80 II,2011-10-31,1057,2011,10
S80L,2011-10-31,556,2011,10
V40,2011-10-31,0,2011,10
V50,2011-10-31,3597,2011,10
V60,2011-10-31,4728,2011,10
V70 III,2011-10-31,3337,2011,10
XC60,2011-10-31,7181,2011,10
XC70 III,2011-10-31,2065,2011,10
XC90,2011-10-31,2960,2011,10
C30,2012-09-30,1632,2012,09
C70 II,2012-09-30,480,2012,09
S40 II,2012-09-30,588,2012,09
S60 II,2012-09-30,5435,2012,09
S80 II,2012-09-30,953,2012,09
S80L,2012-09-30,840,2012,09
V40,2012-09-30,3063,2012,09
V50,2012-09-30,1703,2012,09
V60,2012-09-30,4625,2012,09
V70 III,2012-09-30,2486,2012,09
XC60,2012-09-30,9462,2012,09
XC70 III,2012-09-30,2120,2012,09
XC90,2012-09-30,2694,2012,09
C30,2011-09-30,2693,2011,09
C70 II,2011-09-30,780,2011,09
S40 II,2011-09-30,1955,2011,09
S60 II,2011-09-30,6360,2011,09
S80 II,2011-09-30,1427,2011,09
S80L,2011-09-30,1069,2011,09
V40,2011-09-30,0,2011,09
V50,2011-09-30,4021,2011,09
V60,2011-09-30,5652,2011,09
V70 III,2011-09-30,3621,2011,09
XC60,2011-09-30,7703,2011,09
XC70 III,2011-09-30,2658,2011,09
XC90,2011-09-30,4039,2011,09
C30,2012-08-31,1132,2012,08
C70 II,2012-08-31,554,2012,08
S40 II,2012-08-31,596,2012,08
S60 II,2012-08-31,4630,2012,08
S80 II,2012-08-31,831,2012,08
S80L,2012-08-31,190,2012,08
V40,2012-08-31,1195,2012,08
V50,2012-08-31,1211,2012,08
V60,2012-08-31,2658,2012,08
V70 III,2012-08-31,2002,2012,08
XC60,2012-08-31,7153,2012,08
XC70 III,2012-08-31,1543,2012,08
XC90,2012-08-31,2099,2012,08
C30,2011-08-31,1587,2011,08
C70 II,2011-08-31,645,2011,08
S40 II,2011-08-31,1349,2011,08
S60 II,2011-08-31,4759,2011,08
S80 II,2011-08-31,1012,2011,08
S80L,2011-08-31,852,2011,08
V40,2011-08-31,0,2011,08
V50,2011-08-31,2348,2011,08
V60,2011-08-31,2818,2011,08
V70 III,2011-08-31,2386,2011,08
XC60,2011-08-31,4909,2011,08
XC70 III,2011-08-31,1698,2011,08
XC90,2011-08-31,2574,2011,08
C30,2012-07-31,1396,2012,07
C70 II,2012-07-31,637,2012,07
S40 II,2012-07-31,755,2012,07
S60 II,2012-07-31,5057,2012,07
S80 II,2012-07-31,871,2012,07
S80L,2012-07-31,231,2012,07
V40,2012-07-31,1328,2012,07
V50,2012-07-31,1707,2012,07
V60,2012-07-31,3514,2012,07
V70 III,2012-07-31,2141,2012,07
XC60,2012-07-31,7792,2012,07
XC70 III,2012-07-31,1717,2012,07
XC90,2012-07-31,2359,2012,07
C30,2011-07-31,1863,2011,07
C70 II,2011-07-31,885,2011,07
S40 II,2011-07-31,1908,2011,07
S60 II,2011-07-31,5182,2011,07
S80 II,2011-07-31,1266,2011,07
S80L,2011-07-31,806,2011,07
V40,2011-07-31,0,2011,07
V50,2011-07-31,3296,2011,07
V60,2011-07-31,3423,2011,07
V70 III,2011-07-31,2598,2011,07
XC60,2011-07-31,7587,2011,07
XC70 III,2011-07-31,2079,2011,07
XC90,2011-07-31,3311,2011,07
C30,2012-06-30,2956,2012,06
C70 II,2012-06-30,1328,2012,06
S40 II,2012-06-30,1427,2012,06
S60 II,2012-06-30,6762,2012,06
S80 II,2012-06-30,1372,2012,06
S80L,2012-06-30,249,2012,06
V40,2012-06-30,283,2012,06
V50,2012-06-30,3679,2012,06
V60,2012-06-30,5717,2012,06
V70 III,2012-06-30,3029,2012,06
XC60,2012-06-30,9923,2012,06
XC70 III,2012-06-30,2382,2012,06
XC90,2012-06-30,2912,2012,06
C30,2011-06-30,2619,2011,06
C70 II,2011-06-30,1114,2011,06
S40 II,2011-06-30,2278,2011,06
S60 II,2011-06-30,7243,2011,06
S80 II,2011-06-30,1607,2011,06
S80L,2011-06-30,1105,2011,06
V40,2011-06-30,0,2011,06
V50,2011-06-30,3979,2011,06
V60,2011-06-30,5194,2011,06
V70 III,2011-06-30,3314,2011,06
XC60,2011-06-30,10179,2011,06
XC70 III,2011-06-30,2062,2011,06
XC90,2011-06-30,4059,2011,06
C30,2012-05-31,1653,2012,05
C70 II,2012-05-31,868,2012,05
S40 II,2012-05-31,1575,2012,05
S60 II,2012-05-31,5724,2012,05
S80 II,2012-05-31,1177,2012,05
S80L,2012-05-31,346,2012,05
V50,2012-05-31,4116,2012,05
V60,2012-05-31,4947,2012,05
V70 III,2012-05-31,2670,2012,05
XC60,2012-05-31,9597,2012,05
XC70 III,2012-05-31,2367,2012,05
XC90,2012-05-31,2690,2012,05
C30,2011-05-31,2399,2011,05
C70 II,2011-05-31,1243,2011,05
S40 II,2011-05-31,2388,2011,05
S60 II,2011-05-31,6746,2011,05
S80 II,2011-05-31,1606,2011,05
S80L,2011-05-31,790,2011,05
V50,2011-05-31,3904,2011,05
V60,2011-05-31,4781,2011,05
V70 III,2011-05-31,3163,2011,05
XC60,2011-05-31,9090,2011,05
XC70 III,2011-05-31,2093,2011,05
XC90,2011-05-31,3262,2011,05
C30,2012-04-30,1447,2012,04
C70 II,2012-04-30,845,2012,04
S40 II,2012-04-30,1637,2012,04
S60 II,2012-04-30,4803,2012,04
S80 II,2012-04-30,1008,2012,04
S80L,2012-04-30,440,2012,04
V50,2012-04-30,4264,2012,04
V60,2012-04-30,3923,2012,04
V70 III,2012-04-30,2703,2012,04
XC60,2012-04-30,8729,2012,04
XC70 III,2012-04-30,2136,2012,04
XC90,2012-04-30,2731,2012,04
C30,2011-04-30,2369,2011,04
C70 II,2011-04-30,1345,2011,04
S40 II,2011-04-30,2117,2011,04
S60 II,2011-04-30,5740,2011,04
S80 II,2011-04-30,1237,2011,04
S80L,2011-04-30,613,2011,04
V50,2011-04-30,3988,2011,04
V60,2011-04-30,3748,2011,04
V70 III,2011-04-30,3083,2011,04
XC60,2011-04-30,8110,2011,04
XC70 III,2011-04-30,2055,2011,04
XC90,2011-04-30,3296,2011,04
C30,2012-03-31,2050,2012,03
C70 II,2012-03-31,1135,2012,03
S40 II,2012-03-31,2019,2012,03
S60 II,2012-03-31,7339,2012,03
S80 II,2012-03-31,1332,2012,03
S80L,2012-03-31,553,2012,03
V50,2012-03-31,5245,2012,03
V60,2012-03-31,5646,2012,03
V70 III,2012-03-31,3472,2012,03
XC60,2012-03-31,10471,2012,03
XC70 III,2012-03-31,2577,2012,03
XC90,2012-03-31,3426,2012,03
C30,2011-03-31,3191,2011,03
C70 II,2011-03-31,1058,2011,03
S40 II,2011-03-31,3024,2011,03
S60 II,2011-03-31,7077,2011,03
S80 II,2011-03-31,1288,2011,03
S80L,2011-03-31,699,2011,03
V50,2011-03-31,6218,2011,03
V60,2011-03-31,4734,2011,03
V70 III,2011-03-31,4089,2011,03
XC60,2011-03-31,9823,2011,03
XC70 III,2011-03-31,2640,2011,03
XC90,2011-03-31,3735,2011,03
C30,2012-02-29,1503,2012,02
C70 II,2012-02-29,487,2012,02
S40 II,2012-02-29,1544,2012,02
S60 II,2012-02-29,5407,2012,02
S80 II,2012-02-29,835,2012,02
S80L,2012-02-29,583,2012,02
V50,2012-02-29,3082,2012,02
V60,2012-02-29,3798,2012,02
V70 III,2012-02-29,2378,2012,02
XC60,2012-02-29,7365,2012,02
XC70 III,2012-02-29,1902,2012,02
XC90,2012-02-29,2504,2012,02
C30,2011-02-28,1836,2011,02
C70 II,2011-02-28,602,2011,02
S40 II,2011-02-28,1694,2011,02
S60 II,2011-02-28,3895,2011,02
S80 II,2011-02-28,1076,2011,02
S80L,2011-02-28,442,2011,02
V50,2011-02-28,3732,2011,02
V60,2011-02-28,3142,2011,02
V70 III,2011-02-28,2254,2011,02
XC60,2011-02-28,6951,2011,02
XC70 III,2011-02-28,1633,2011,02
XC90,2011-02-28,2158,2011,02
C30,2012-01-31,1614,2012,01
C70 II,2012-01-31,469,2012,01
S40 II,2012-01-31,1716,2012,01
S60 II,2012-01-31,4163,2012,01
S80 II,2012-01-31,745,2012,01
S80L,2012-01-31,645,2012,01
V50,2012-01-31,3593,2012,01
V60,2012-01-31,3199,2012,01
V70 III,2012-01-31,2545,2012,01
XC60,2012-01-31,7085,2012,01
XC70 III,2012-01-31,1848,2012,01
XC90,2012-01-31,2619,2012,01
C30,2011-01-31,1930,2011,01
C70 II,2011-01-31,502,2011,01
S40 II,2011-01-31,1939,2011,01
S60 II,2011-01-31,3608,2011,01
S80 II,2011-01-31,958,2011,01
S80L,2011-01-31,888,2011,01
V50,2011-01-31,3438,2011,01
V60,2011-01-31,2496,2011,01
V70 III,2011-01-31,2652,2011,01
XC60,2011-01-31,7436,2011,01
XC70 III,2011-01-31,1478,2011,01
XC90,2011-01-31,2511,2011,01
