model;date;sales;month;year;
S60 CC;2018-12-31;87;December;2018;
S60 II;2018-12-31;961;December;2018;
S60L;2018-12-31;1314;December;2018;
S80 II;2018-12-31;0;December;2018;
S90;2018-12-31;5108;December;2018;
V40;2018-12-31;5121;December;2018;
V40 CC;2018-12-31;1591;December;2018;
V60;2018-12-31;524;December;2018;
V60 CC;2018-12-31;249;December;2018;
V60 II;2018-12-31;4906;December;2018;
V70 III;2018-12-31;0;December;2018;
V90;2018-12-31;2277;December;2018;
V90 CC;2018-12-31;1991;December;2018;
XC40;2018-12-31;8724;December;2018;
XC60;2018-12-31;16;December;2018;
XC60 II;2018-12-31;18265;December;2018;
XC70 III;2018-12-31;0;December;2018;
XC90 II;2018-12-31;9023;December;2018;
S60 CC;2017-12-31;154;December;2017;
S60 II;2017-12-31;1996;December;2017;
S60L;2017-12-31;2929;December;2017;
S80 II;2017-12-31;2;December;2017;
S90;2017-12-31;6787;December;2017;
V40;2017-12-31;7729;December;2017;
V40 CC;2017-12-31;2352;December;2017;
V60;2017-12-31;3586;December;2017;
V60 CC;2017-12-31;1665;December;2017;
V60 II;2017-12-31;0;December;2017;
V70 III;2017-12-31;0;December;2017;
V90;2017-12-31;2711;December;2017;
V90 CC;2017-12-31;2190;December;2017;
XC40;2017-12-31;96;December;2017;
XC60;2017-12-31;3658;December;2017;
XC60 II;2017-12-31;11635;December;2017;
XC70 III;2017-12-31;0;December;2017;
XC90 II;2017-12-31;11036;December;2017;
Other;2018-11-30;62;November;2018;
S60 CC;2018-11-30;67;November;2018;
S60 II;2018-11-30;828;November;2018;
S60L;2018-11-30;1693;November;2018;
S80 II;2018-11-30;0;November;2018;
S90;2018-11-30;4223;November;2018;
V40;2018-11-30;4277;November;2018;
V40 CC;2018-11-30;1360;November;2018;
V60;2018-11-30;286;November;2018;
V60 CC;2018-11-30;147;November;2018;
V60 II;2018-11-30;3993;November;2018;
V70 III;2018-11-30;0;November;2018;
V90;2018-11-30;2386;November;2018;
V90 CC;2018-11-30;1902;November;2018;
XC40;2018-11-30;8993;November;2018;
XC60;2018-11-30;8;November;2018;
XC60 II;2018-11-30;18275;November;2018;
XC70 III;2018-11-30;0;November;2018;
XC90 II;2018-11-30;7534;November;2018;
Other;2017-11-30;0;November;2017;
S60 CC;2017-11-30;150;November;2017;
S60 II;2017-11-30;1740;November;2017;
S60L;2017-11-30;3014;November;2017;
S80 II;2017-11-30;0;November;2017;
S90;2017-11-30;5872;November;2017;
V40;2017-11-30;6636;November;2017;
V40 CC;2017-11-30;2072;November;2017;
V60;2017-11-30;3174;November;2017;
V60 CC;2017-11-30;1496;November;2017;
V60 II;2017-11-30;0;November;2017;
V70 III;2017-11-30;0;November;2017;
V90;2017-11-30;2585;November;2017;
V90 CC;2017-11-30;1851;November;2017;
XC40;2017-11-30;0;November;2017;
XC60;2017-11-30;5831;November;2017;
XC60 II;2017-11-30;8899;November;2017;
XC70 III;2017-11-30;3;November;2017;
XC90 II;2017-11-30;8415;November;2017;
S60 CC;2018-10-31;76;October;2018;
S60 II;2018-10-31;682;October;2018;
S60L;2018-10-31;1852;October;2018;
S80 II;2018-10-31;0;October;2018;
S90;2018-10-31;3977;October;2018;
V40;2018-10-31;4482;October;2018;
V40 CC;2018-10-31;1255;October;2018;
V60;2018-10-31;609;October;2018;
V60 CC;2018-10-31;352;October;2018;
V60 II;2018-10-31;3659;October;2018;
V70 III;2018-10-31;0;October;2018;
V90;2018-10-31;2115;October;2018;
V90 CC;2018-10-31;1738;October;2018;
XC40;2018-10-31;9568;October;2018;
XC60;2018-10-31;24;October;2018;
XC60 II;2018-10-31;15824;October;2018;
XC70 III;2018-10-31;0;October;2018;
XC90 II;2018-10-31;7296;October;2018;
S60 CC;2017-10-31;118;October;2017;
S60 II;2017-10-31;1662;October;2017;
S60L;2017-10-31;3106;October;2017;
S80 II;2017-10-31;0;October;2017;
S90;2017-10-31;5010;October;2017;
V40;2017-10-31;5782;October;2017;
V40 CC;2017-10-31;1683;October;2017;
V60;2017-10-31;2865;October;2017;
V60 CC;2017-10-31;1185;October;2017;
V60 II;2017-10-31;0;October;2017;
V70 III;2017-10-31;1;October;2017;
V90;2017-10-31;2123;October;2017;
V90 CC;2017-10-31;1326;October;2017;
XC40;2017-10-31;0;October;2017;
XC60;2017-10-31;8049;October;2017;
XC60 II;2017-10-31;7453;October;2017;
XC70 III;2017-10-31;7;October;2017;
XC90 II;2017-10-31;7471;October;2017;
S60 CC;2018-09-30;80;September;2018;
S60 II;2018-09-30;865;September;2018;
S60L;2018-09-30;1993;September;2018;
S80 II;2018-09-30;0;September;2018;
S90;2018-09-30;4685;September;2018;
V40;2018-09-30;6014;September;2018;
V40 CC;2018-09-30;1748;September;2018;
V60;2018-09-30;1117;September;2018;
V60 CC;2018-09-30;633;September;2018;
V60 II;2018-09-30;3152;September;2018;
V70 III;2018-09-30;0;September;2018;
V90;2018-09-30;2205;September;2018;
V90 CC;2018-09-30;1881;September;2018;
XC40;2018-09-30;9257;September;2018;
XC60;2018-09-30;18;September;2018;
XC60 II;2018-09-30;18594;September;2018;
XC70 III;2018-09-30;0;September;2018;
XC90 II;2018-09-30;8380;September;2018;
S60 CC;2017-09-30;100;September;2017;
S60 II;2017-09-30;1356;September;2017;
S60L;2017-09-30;3556;September;2017;
S80 II;2017-09-30;3;September;2017;
S90;2017-09-30;4576;September;2017;
V40;2017-09-30;6522;September;2017;
V40 CC;2017-09-30;1899;September;2017;
V60;2017-09-30;2690;September;2017;
V60 CC;2017-09-30;1186;September;2017;
V60 II;2017-09-30;0;September;2017;
V70 III;2017-09-30;1;September;2017;
V90;2017-09-30;2525;September;2017;
V90 CC;2017-09-30;1755;September;2017;
XC40;2017-09-30;0;September;2017;
XC60;2017-09-30;14391;September;2017;
XC60 II;2017-09-30;5169;September;2017;
XC70 III;2017-09-30;8;September;2017;
XC90 II;2017-09-30;7937;September;2017;
S60 CC;2018-08-31;78;August;2018;
S60 II;2018-08-31;918;August;2018;
S60L;2018-08-31;1666;August;2018;
S80 II;2018-08-31;0;August;2018;
S90;2018-08-31;4100;August;2018;
V40;2018-08-31;3192;August;2018;
V40 CC;2018-08-31;828;August;2018;
V60;2018-08-31;1167;August;2018;
V60 CC;2018-08-31;787;August;2018;
V60 II;2018-08-31;877;August;2018;
V70 III;2018-08-31;0;August;2018;
V90;2018-08-31;1313;August;2018;
V90 CC;2018-08-31;1375;August;2018;
XC40;2018-08-31;6540;August;2018;
XC60;2018-08-31;22;August;2018;
XC60 II;2018-08-31;13364;August;2018;
XC70 III;2018-08-31;0;August;2018;
XC90 II;2018-08-31;7134;August;2018;
S60 CC;2017-08-31;92;August;2017;
S60 II;2017-08-31;1015;August;2017;
S60L;2017-08-31;3024;August;2017;
S80 II;2017-08-31;11;August;2017;
S90;2017-08-31;3601;August;2017;
V40;2017-08-31;3825;August;2017;
V40 CC;2017-08-31;1107;August;2017;
V60;2017-08-31;1700;August;2017;
V60 CC;2017-08-31;836;August;2017;
V60 II;2017-08-31;0;August;2017;
V70 III;2017-08-31;0;August;2017;
V90;2017-08-31;1472;August;2017;
V90 CC;2017-08-31;1478;August;2017;
XC40;2017-08-31;0;August;2017;
XC60;2017-08-31;11743;August;2017;
XC60 II;2017-08-31;2048;August;2017;
XC70 III;2017-08-31;1;August;2017;
XC90 II;2017-08-31;5926;August;2017;
S60 CC;2018-07-31;95;July;2018;
S60 II;2018-07-31;1402;July;2018;
S60L;2018-07-31;1974;July;2018;
S80 II;2018-07-31;0;July;2018;
S90;2018-07-31;4072;July;2018;
V40;2018-07-31;4913;July;2018;
V40 CC;2018-07-31;1218;July;2018;
V60;2018-07-31;1609;July;2018;
V60 CC;2018-07-31;902;July;2018;
V60 II;2018-07-31;1491;July;2018;
V70 III;2018-07-31;0;July;2018;
V90;2018-07-31;1560;July;2018;
V90 CC;2018-07-31;1268;July;2018;
XC40;2018-07-31;9005;July;2018;
XC60;2018-07-31;34;July;2018;
XC60 II;2018-07-31;14231;July;2018;
XC70 III;2018-07-31;0;July;2018;
XC90 II;2018-07-31;7157;July;2018;
S60 CC;2017-07-31;92;July;2017;
S60 II;2017-07-31;1213;July;2017;
S60L;2017-07-31;2709;July;2017;
S80 II;2017-07-31;0;July;2017;
S90;2017-07-31;3410;July;2017;
V40;2017-07-31;5650;July;2017;
V40 CC;2017-07-31;1559;July;2017;
V60;2017-07-31;2014;July;2017;
V60 CC;2017-07-31;1029;July;2017;
V60 II;2017-07-31;0;July;2017;
V70 III;2017-07-31;3;July;2017;
V90;2017-07-31;2089;July;2017;
V90 CC;2017-07-31;1820;July;2017;
XC40;2017-07-31;0;July;2017;
XC60;2017-07-31;13713;July;2017;
XC60 II;2017-07-31;2427;July;2017;
XC70 III;2017-07-31;3;July;2017;
XC90 II;2017-07-31;6547;July;2017;
S60 CC;2018-06-30;113;June;2018;
S60 II;2018-06-30;1571;June;2018;
S60L;2018-06-30;2246;June;2018;
S80 II;2018-06-30;0;June;2018;
S90;2018-06-30;5561;June;2018;
V40;2018-06-30;5397;June;2018;
V40 CC;2018-06-30;1621;June;2018;
V60;2018-06-30;3336;June;2018;
V60 CC;2018-06-30;1477;June;2018;
V60 II;2018-06-30;1004;June;2018;
V70 III;2018-06-30;0;June;2018;
V90;2018-06-30;3593;June;2018;
V90 CC;2018-06-30;2521;June;2018;
XC40;2018-06-30;6538;June;2018;
XC60;2018-06-30;70;June;2018;
XC60 II;2018-06-30;19534;June;2018;
XC70 III;2018-06-30;0;June;2018;
XC90 II;2018-06-30;9476;June;2018;
S60 CC;2017-06-30;87;June;2017;
S60 II;2017-06-30;1763;June;2017;
S60L;2017-06-30;3265;June;2017;
S80 II;2017-06-30;0;June;2017;
S90;2017-06-30;3455;June;2017;
V40;2017-06-30;7191;June;2017;
V40 CC;2017-06-30;2243;June;2017;
V60;2017-06-30;2978;June;2017;
V60 CC;2017-06-30;1533;June;2017;
V60 II;2017-06-30;0;June;2017;
V70 III;2017-06-30;1;June;2017;
V90;2017-06-30;3767;June;2017;
V90 CC;2017-06-30;2401;June;2017;
XC40;2017-06-30;0;June;2017;
XC60;2017-06-30;16905;June;2017;
XC60 II;2017-06-30;781;June;2017;
XC70 III;2017-06-30;9;June;2017;
XC90 II;2017-06-30;7972;June;2017;
Other;2018-05-31;95;May;2018;
S60 CC;2018-05-31;69;May;2018;
S60 II;2018-05-31;1494;May;2018;
S60L;2018-05-31;2515;May;2018;
S80 II;2018-05-31;0;May;2018;
S90;2018-05-31;4851;May;2018;
V40;2018-05-31;4477;May;2018;
V40 CC;2018-05-31;1367;May;2018;
V60;2018-05-31;2771;May;2018;
V60 CC;2018-05-31;1529;May;2018;
V70 III;2018-05-31;0;May;2018;
V90;2018-05-31;2698;May;2018;
V90 CC;2018-05-31;1939;May;2018;
XC40;2018-05-31;5413;May;2018;
XC60;2018-05-31;171;May;2018;
XC60 II;2018-05-31;16171;May;2018;
XC70 III;2018-05-31;0;May;2018;
XC90 II;2018-05-31;7979;May;2018;
Other;2017-05-31;0;May;2017;
S60 CC;2017-05-31;120;May;2017;
S60 II;2017-05-31;1551;May;2017;
S60L;2017-05-31;2841;May;2017;
S80 II;2017-05-31;0;May;2017;
S90;2017-05-31;3172;May;2017;
V40;2017-05-31;6209;May;2017;
V40 CC;2017-05-31;1788;May;2017;
V60;2017-05-31;2861;May;2017;
V60 CC;2017-05-31;1563;May;2017;
V70 III;2017-05-31;6;May;2017;
V90;2017-05-31;2954;May;2017;
V90 CC;2017-05-31;1843;May;2017;
XC40;2017-05-31;0;May;2017;
XC60;2017-05-31;15639;May;2017;
XC60 II;2017-05-31;48;May;2017;
XC70 III;2017-05-31;5;May;2017;
XC90 II;2017-05-31;6647;May;2017;
S60 CC;2018-04-30;64;April;2018;
S60 II;2018-04-30;1651;April;2018;
S60L;2018-04-30;2284;April;2018;
S80 II;2018-04-30;0;April;2018;
S90;2018-04-30;4847;April;2018;
V40;2018-04-30;4976;April;2018;
V40 CC;2018-04-30;1543;April;2018;
V60;2018-04-30;2886;April;2018;
V60 CC;2018-04-30;1544;April;2018;
V70 III;2018-04-30;0;April;2018;
V90;2018-04-30;3081;April;2018;
V90 CC;2018-04-30;1911;April;2018;
XC40;2018-04-30;5554;April;2018;
XC60;2018-04-30;213;April;2018;
XC60 II;2018-04-30;14840;April;2018;
XC70 III;2018-04-30;0;April;2018;
XC90 II;2018-04-30;7241;April;2018;
S60 CC;2017-04-30;167;April;2017;
S60 II;2017-04-30;1580;April;2017;
S60L;2017-04-30;2474;April;2017;
S80 II;2017-04-30;2;April;2017;
S90;2017-04-30;3391;April;2017;
V40;2017-04-30;5690;April;2017;
V40 CC;2017-04-30;1887;April;2017;
V60;2017-04-30;3569;April;2017;
V60 CC;2017-04-30;1635;April;2017;
V70 III;2017-04-30;14;April;2017;
V90;2017-04-30;2896;April;2017;
V90 CC;2017-04-30;1734;April;2017;
XC40;2017-04-30;0;April;2017;
XC60;2017-04-30;15434;April;2017;
XC60 II;2017-04-30;0;April;2017;
XC70 III;2017-04-30;25;April;2017;
XC90 II;2017-04-30;6397;April;2017;
S60 CC;2018-03-31;107;March;2018;
S60 II;2018-03-31;2153;March;2018;
S60L;2018-03-31;2324;March;2018;
S80 II;2018-03-31;0;March;2018;
S90;2018-03-31;5832;March;2018;
V40;2018-03-31;8081;March;2018;
V40 CC;2018-03-31;1974;March;2018;
V60;2018-03-31;3669;March;2018;
V60 CC;2018-03-31;1596;March;2018;
V70 III;2018-03-31;0;March;2018;
V90;2018-03-31;4639;March;2018;
V90 CC;2018-03-31;2165;March;2018;
XC40;2018-03-31;4261;March;2018;
XC60;2018-03-31;377;March;2018;
XC60 II;2018-03-31;16277;March;2018;
XC70 III;2018-03-31;0;March;2018;
XC90 II;2018-03-31;9583;March;2018;
S60 CC;2017-03-31;167;March;2017;
S60 II;2017-03-31;2013;March;2017;
S60L;2017-03-31;3089;March;2017;
S80 II;2017-03-31;0;March;2017;
S90;2017-03-31;3344;March;2017;
V40;2017-03-31;9148;March;2017;
V40 CC;2017-03-31;2304;March;2017;
V60;2017-03-31;4286;March;2017;
V60 CC;2017-03-31;1847;March;2017;
V70 III;2017-03-31;22;March;2017;
V90;2017-03-31;3164;March;2017;
V90 CC;2017-03-31;1673;March;2017;
XC40;2017-03-31;0;March;2017;
XC60;2017-03-31;18420;March;2017;
XC60 II;2017-03-31;0;March;2017;
XC70 III;2017-03-31;20;March;2017;
XC90 II;2017-03-31;7661;March;2017;
S60 CC;2018-02-28;89;February;2018;
S60 II;2018-02-28;1179;February;2018;
S60L;2018-02-28;1759;February;2018;
S80 II;2018-02-28;0;February;2018;
S90;2018-02-28;3829;February;2018;
V40;2018-02-28;4722;February;2018;
V40 CC;2018-02-28;1387;February;2018;
V60;2018-02-28;2824;February;2018;
V60 CC;2018-02-28;1232;February;2018;
V70 III;2018-02-28;0;February;2018;
V90;2018-02-28;3305;February;2018;
V90 CC;2018-02-28;1724;February;2018;
XC40;2018-02-28;1580;February;2018;
XC60;2018-02-28;384;February;2018;
XC60 II;2018-02-28;10308;February;2018;
XC70 III;2018-02-28;0;February;2018;
XC90 II;2018-02-28;6607;February;2018;
S60 CC;2017-02-28;85;February;2017;
S60 II;2017-02-28;1479;February;2017;
S60L;2017-02-28;1968;February;2017;
S80 II;2017-02-28;6;February;2017;
S90;2017-02-28;2141;February;2017;
V40;2017-02-28;5075;February;2017;
V40 CC;2017-02-28;1334;February;2017;
V60;2017-02-28;2975;February;2017;
V60 CC;2017-02-28;1269;February;2017;
V70 III;2017-02-28;40;February;2017;
V90;2017-02-28;2879;February;2017;
V90 CC;2017-02-28;835;February;2017;
XC40;2017-02-28;0;February;2017;
XC60;2017-02-28;11393;February;2017;
XC60 II;2017-02-28;0;February;2017;
XC70 III;2017-02-28;36;February;2017;
XC90 II;2017-02-28;5000;February;2017;
S60 CC;2018-01-31;108;January;2018;
S60 II;2018-01-31;1370;January;2018;
S60L;2018-01-31;2710;January;2018;
S80 II;2018-01-31;0;January;2018;
S90;2018-01-31;6057;January;2018;
V40;2018-01-31;4809;January;2018;
V40 CC;2018-01-31;1234;January;2018;
V60;2018-01-31;2527;January;2018;
V60 CC;2018-01-31;1145;January;2018;
V70 III;2018-01-31;0;January;2018;
V90;2018-01-31;2380;January;2018;
V90 CC;2018-01-31;1494;January;2018;
XC40;2018-01-31;395;January;2018;
XC60;2018-01-31;782;January;2018;
XC60 II;2018-01-31;11656;January;2018;
XC70 III;2018-01-31;0;January;2018;
XC90 II;2018-01-31;6772;January;2018;
S60 CC;2017-01-31;85;January;2017;
S60 II;2017-01-31;1333;January;2017;
S60L;2017-01-31;2104;January;2017;
S80 II;2017-01-31;3;January;2017;
S90;2017-01-31;1843;January;2017;
V40;2017-01-31;4367;January;2017;
V40 CC;2017-01-31;1318;January;2017;
V60;2017-01-31;2805;January;2017;
V60 CC;2017-01-31;1164;January;2017;
V70 III;2017-01-31;38;January;2017;
V90;2017-01-31;2275;January;2017;
V90 CC;2017-01-31;229;January;2017;
XC40;2017-01-31;0;January;2017;
XC60;2017-01-31;11330;January;2017;
XC60 II;2017-01-31;0;January;2017;
XC70 III;2017-01-31;72;January;2017;
XC90 II;2017-01-31;6509;January;2017;
C70 II;2016-12-31;0;December;2016;
S40 II;2016-12-31;0;December;2016;
S60 CC;2016-12-31;169;December;2016;
S60 II;2016-12-31;2539;December;2016;
S60L;2016-12-31;4438;December;2016;
S80 II;2016-12-31;49;December;2016;
S80L;2016-12-31;16;December;2016;
S90;2016-12-31;2050;December;2016;
V40;2016-12-31;9123;December;2016;
V40 CC;2016-12-31;2500;December;2016;
V60;2016-12-31;5422;December;2016;
V60 CC;2016-12-31;2015;December;2016;
V70 III;2016-12-31;524;December;2016;
V90;2016-12-31;2461;December;2016;
V90 CC;2016-12-31;37;December;2016;
XC60;2016-12-31;18987;December;2016;
XC70 III;2016-12-31;404;December;2016;
XC90;2016-12-31;0;December;2016;
XC90 II;2016-12-31;10070;December;2016;
C70 II;2015-12-31;0;December;2015;
S40 II;2015-12-31;0;December;2015;
S60 CC;2015-12-31;273;December;2015;
S60 II;2015-12-31;2746;December;2015;
S60L;2015-12-31;4035;December;2015;
S80 II;2015-12-31;648;December;2015;
S80L;2015-12-31;633;December;2015;
S90;2015-12-31;0;December;2015;
V40;2015-12-31;10471;December;2015;
V40 CC;2015-12-31;2600;December;2015;
V60;2015-12-31;5637;December;2015;
V60 CC;2015-12-31;1907;December;2015;
V70 III;2015-12-31;3214;December;2015;
V90;2015-12-31;0;December;2015;
V90 CC;2015-12-31;0;December;2015;
XC60;2015-12-31;17264;December;2015;
XC70 III;2015-12-31;3155;December;2015;
XC90;2015-12-31;365;December;2015;
XC90 II;2015-12-31;9177;December;2015;
C70 II;2016-11-30;0;November;2016;
S40 II;2016-11-30;0;November;2016;
S60 CC;2016-11-30;130;November;2016;
S60 II;2016-11-30;1981;November;2016;
S60L;2016-11-30;3594;November;2016;
S80 II;2016-11-30;107;November;2016;
S80L;2016-11-30;0;November;2016;
S90;2016-11-30;1590;November;2016;
V40;2016-11-30;7167;November;2016;
V40 CC;2016-11-30;1903;November;2016;
V60;2016-11-30;4478;November;2016;
V60 CC;2016-11-30;1883;November;2016;
V70 III;2016-11-30;196;November;2016;
V90;2016-11-30;1684;November;2016;
XC60;2016-11-30;15610;November;2016;
XC70 III;2016-11-30;560;November;2016;
XC90;2016-11-30;0;November;2016;
XC90 II;2016-11-30;7872;November;2016;
C70 II;2015-11-30;0;November;2015;
S40 II;2015-11-30;0;November;2015;
S60 CC;2015-11-30;129;November;2015;
S60 II;2015-11-30;2260;November;2015;
S60L;2015-11-30;3047;November;2015;
S80 II;2015-11-30;865;November;2015;
S80L;2015-11-30;668;November;2015;
S90;2015-11-30;0;November;2015;
V40;2015-11-30;7765;November;2015;
V40 CC;2015-11-30;1891;November;2015;
V60;2015-11-30;4262;November;2015;
V60 CC;2015-11-30;1380;November;2015;
V70 III;2015-11-30;2573;November;2015;
V90;2015-11-30;0;November;2015;
XC60;2015-11-30;13988;November;2015;
XC70 III;2015-11-30;2903;November;2015;
XC90;2015-11-30;533;November;2015;
XC90 II;2015-11-30;6792;November;2015;
C70 II;2016-10-31;0;October;2016;
S40 II;2016-10-31;0;October;2016;
S60 CC;2016-10-31;173;October;2016;
S60 II;2016-10-31;1870;October;2016;
S60L;2016-10-31;3300;October;2016;
S80 II;2016-10-31;58;October;2016;
S80L;2016-10-31;0;October;2016;
S90;2016-10-31;1149;October;2016;
V40;2016-10-31;7054;October;2016;
V40 CC;2016-10-31;1843;October;2016;
V60;2016-10-31;3580;October;2016;
V60 CC;2016-10-31;1474;October;2016;
V70 III;2016-10-31;265;October;2016;
V90;2016-10-31;2214;October;2016;
XC60;2016-10-31;14558;October;2016;
XC70 III;2016-10-31;673;October;2016;
XC90;2016-10-31;0;October;2016;
XC90 II;2016-10-31;7231;October;2016;
C70 II;2015-10-31;0;October;2015;
S40 II;2015-10-31;0;October;2015;
S60 CC;2015-10-31;147;October;2015;
S60 II;2015-10-31;2624;October;2015;
S60L;2015-10-31;2728;October;2015;
S80 II;2015-10-31;595;October;2015;
S80L;2015-10-31;341;October;2015;
S90;2015-10-31;0;October;2015;
V40;2015-10-31;6611;October;2015;
V40 CC;2015-10-31;1796;October;2015;
V60;2015-10-31;4294;October;2015;
V60 CC;2015-10-31;1788;October;2015;
V70 III;2015-10-31;2710;October;2015;
V90;2015-10-31;0;October;2015;
XC60;2015-10-31;12645;October;2015;
XC70 III;2015-10-31;3013;October;2015;
XC90;2015-10-31;78;October;2015;
XC90 II;2015-10-31;6430;October;2015;
C70 II;2016-09-30;0;September;2016;
S60 CC;2016-09-30;152;September;2016;
S60 II;2016-09-30;1737;September;2016;
S60L;2016-09-30;3976;September;2016;
S80 II;2016-09-30;125;September;2016;
S80L;2016-09-30;0;September;2016;
S90;2016-09-30;970;September;2016;
V40;2016-09-30;8295;September;2016;
V40 CC;2016-09-30;2046;September;2016;
V60;2016-09-30;3464;September;2016;
V60 CC;2016-09-30;1541;September;2016;
V70 III;2016-09-30;440;September;2016;
V90;2016-09-30;953;September;2016;
XC60;2016-09-30;15551;September;2016;
XC70 III;2016-09-30;1153;September;2016;
XC90;2016-09-30;0;September;2016;
XC90 II;2016-09-30;7856;September;2016;
C70 II;2015-09-30;1;September;2015;
S60 CC;2015-09-30;106;September;2015;
S60 II;2015-09-30;2506;September;2015;
S60L;2015-09-30;2594;September;2015;
S80 II;2015-09-30;451;September;2015;
S80L;2015-09-30;140;September;2015;
S90;2015-09-30;0;September;2015;
V40;2015-09-30;8291;September;2015;
V40 CC;2015-09-30;2207;September;2015;
V60;2015-09-30;3863;September;2015;
V60 CC;2015-09-30;1235;September;2015;
V70 III;2015-09-30;2342;September;2015;
V90;2015-09-30;0;September;2015;
XC60;2015-09-30;15126;September;2015;
XC70 III;2015-09-30;2312;September;2015;
XC90;2015-09-30;182;September;2015;
XC90 II;2015-09-30;4183;September;2015;
C70 I;2016-08-31;0;August;2016;
C70 II;2016-08-31;0;August;2016;
S40 II;2016-08-31;0;August;2016;
S60 CC;2016-08-31;157;August;2016;
S60 II;2016-08-31;1579;August;2016;
S60L;2016-08-31;2890;August;2016;
S80 II;2016-08-31;198;August;2016;
S80L;2016-08-31;0;August;2016;
S90;2016-08-31;552;August;2016;
V40;2016-08-31;3966;August;2016;
V40 CC;2016-08-31;978;August;2016;
V60;2016-08-31;2201;August;2016;
V60 CC;2016-08-31;1172;August;2016;
V70 III;2016-08-31;586;August;2016;
V90;2016-08-31;246;August;2016;
XC60;2016-08-31;9946;August;2016;
XC70 III;2016-08-31;1674;August;2016;
XC90;2016-08-31;0;August;2016;
XC90 II;2016-08-31;6681;August;2016;
C70 I;2015-08-31;0;August;2015;
C70 II;2015-08-31;0;August;2015;
S40 II;2015-08-31;0;August;2015;
S60 CC;2015-08-31;93;August;2015;
S60 II;2015-08-31;2730;August;2015;
S60L;2015-08-31;1744;August;2015;
S80 II;2015-08-31;315;August;2015;
S80L;2015-08-31;195;August;2015;
S90;2015-08-31;0;August;2015;
V40;2015-08-31;5014;August;2015;
V40 CC;2015-08-31;1380;August;2015;
V60;2015-08-31;2282;August;2015;
V60 CC;2015-08-31;844;August;2015;
V70 III;2015-08-31;1649;August;2015;
V90;2015-08-31;0;August;2015;
XC60;2015-08-31;9595;August;2015;
XC70 III;2015-08-31;1438;August;2015;
XC90;2015-08-31;129;August;2015;
XC90 II;2015-08-31;2787;August;2015;
C70 II;2016-07-31;0;July;2016;
S40 II;2016-07-31;0;July;2016;
S60 CC;2016-07-31;122;July;2016;
S60 II;2016-07-31;2684;July;2016;
S60L;2016-07-31;2630;July;2016;
S80 II;2016-07-31;227;July;2016;
S80L;2016-07-31;0;July;2016;
S90;2016-07-31;885;July;2016;
V40;2016-07-31;6270;July;2016;
V40 CC;2016-07-31;1565;July;2016;
V60;2016-07-31;2957;July;2016;
V60 CC;2016-07-31;1357;July;2016;
V70 III;2016-07-31;618;July;2016;
V90;2016-07-31;79;July;2016;
XC60;2016-07-31;12623;July;2016;
XC70 III;2016-07-31;1762;July;2016;
XC90;2016-07-31;3;July;2016;
XC90 II;2016-07-31;7899;July;2016;
C70 II;2015-07-31;1;July;2015;
S40 II;2015-07-31;0;July;2015;
S60 CC;2015-07-31;16;July;2015;
S60 II;2015-07-31;2743;July;2015;
S60L;2015-07-31;1790;July;2015;
S80 II;2015-07-31;396;July;2015;
S80L;2015-07-31;163;July;2015;
S90;2015-07-31;0;July;2015;
V40;2015-07-31;5566;July;2015;
V40 CC;2015-07-31;1532;July;2015;
V60;2015-07-31;3508;July;2015;
V60 CC;2015-07-31;838;July;2015;
V70 III;2015-07-31;1926;July;2015;
V90;2015-07-31;0;July;2015;
XC60;2015-07-31;12933;July;2015;
XC70 III;2015-07-31;2098;July;2015;
XC90;2015-07-31;85;July;2015;
XC90 II;2015-07-31;4533;July;2015;
C70 II;2016-06-30;0;June;2016;
S40 II;2016-06-30;0;June;2016;
S60 CC;2016-06-30;206;June;2016;
S60 II;2016-06-30;2687;June;2016;
S60L;2016-06-30;3420;June;2016;
S80 II;2016-06-30;335;June;2016;
S80L;2016-06-30;0;June;2016;
S90;2016-06-30;161;June;2016;
V40;2016-06-30;8110;June;2016;
V40 CC;2016-06-30;2032;June;2016;
V60;2016-06-30;4385;June;2016;
V60 CC;2016-06-30;1900;June;2016;
V70 III;2016-06-30;1212;June;2016;
XC60;2016-06-30;15536;June;2016;
XC70 III;2016-06-30;3167;June;2016;
XC90;2016-06-30;0;June;2016;
XC90 II;2016-06-30;8280;June;2016;
C70 II;2015-06-30;0;June;2015;
S40 II;2015-06-30;0;June;2015;
S60 CC;2015-06-30;0;June;2015;
S60 II;2015-06-30;3529;June;2015;
S60L;2015-06-30;2185;June;2015;
S80 II;2015-06-30;721;June;2015;
S80L;2015-06-30;185;June;2015;
S90;2015-06-30;0;June;2015;
V40;2015-06-30;7488;June;2015;
V40 CC;2015-06-30;2143;June;2015;
V60;2015-06-30;4548;June;2015;
V60 CC;2015-06-30;894;June;2015;
V70 III;2015-06-30;2633;June;2015;
XC60;2015-06-30;14987;June;2015;
XC70 III;2015-06-30;2438;June;2015;
XC90;2015-06-30;131;June;2015;
XC90 II;2015-06-30;4638;June;2015;
C70 I;2016-05-31;0;May;2016;
C70 II;2016-05-31;0;May;2016;
S40 II;2016-05-31;0;May;2016;
S60 CC;2016-05-31;173;May;2016;
S60 II;2016-05-31;2115;May;2016;
S60L;2016-05-31;2372;May;2016;
S80 II;2016-05-31;416;May;2016;
S80L;2016-05-31;0;May;2016;
S90;2016-05-31;26;May;2016;
V40;2016-05-31;6105;May;2016;
V40 CC;2016-05-31;1728;May;2016;
V60;2016-05-31;3623;May;2016;
V60 CC;2016-05-31;1396;May;2016;
V70 III;2016-05-31;2024;May;2016;
XC60;2016-05-31;12029;May;2016;
XC70 III;2016-05-31;3382;May;2016;
XC90;2016-05-31;4;May;2016;
XC90 II;2016-05-31;6714;May;2016;
C70 I;2015-05-31;0;May;2015;
C70 II;2015-05-31;0;May;2015;
S40 II;2015-05-31;0;May;2015;
S60 CC;2015-05-31;0;May;2015;
S60 II;2015-05-31;3485;May;2015;
S60L;2015-05-31;2129;May;2015;
S80 II;2015-05-31;572;May;2015;
S80L;2015-05-31;175;May;2015;
S90;2015-05-31;0;May;2015;
V40;2015-05-31;6923;May;2015;
V40 CC;2015-05-31;1915;May;2015;
V60;2015-05-31;4579;May;2015;
V60 CC;2015-05-31;418;May;2015;
V70 III;2015-05-31;2276;May;2015;
XC60;2015-05-31;13183;May;2015;
XC70 III;2015-05-31;2432;May;2015;
XC90;2015-05-31;133;May;2015;
XC90 II;2015-05-31;1699;May;2015;
C70 II;2016-04-30;1;April;2016;
S40 II;2016-04-30;1;April;2016;
S60 CC;2016-04-30;153;April;2016;
S60 II;2016-04-30;1756;April;2016;
S60L;2016-04-30;2192;April;2016;
S80 II;2016-04-30;420;April;2016;
S80L;2016-04-30;0;April;2016;
V40;2016-04-30;5766;April;2016;
V40 CC;2016-04-30;1599;April;2016;
V60;2016-04-30;3086;April;2016;
V60 CC;2016-04-30;1488;April;2016;
V70 III;2016-04-30;2628;April;2016;
XC60;2016-04-30;11937;April;2016;
XC70 III;2016-04-30;3271;April;2016;
XC90;2016-04-30;34;April;2016;
XC90 II;2016-04-30;8102;April;2016;
C70 II;2015-04-30;2;April;2015;
S40 II;2015-04-30;0;April;2015;
S60 CC;2015-04-30;0;April;2015;
S60 II;2015-04-30;3145;April;2015;
S60L;2015-04-30;1944;April;2015;
S80 II;2015-04-30;612;April;2015;
S80L;2015-04-30;321;April;2015;
V40;2015-04-30;6239;April;2015;
V40 CC;2015-04-30;1811;April;2015;
V60;2015-04-30;4711;April;2015;
V60 CC;2015-04-30;349;April;2015;
V70 III;2015-04-30;2386;April;2015;
XC60;2015-04-30;13187;April;2015;
XC70 III;2015-04-30;2825;April;2015;
XC90;2015-04-30;211;April;2015;
XC90 II;2015-04-30;381;April;2015;
C30;2016-03-31;0;March;2016;
C70 II;2016-03-31;0;March;2016;
S60 CC;2016-03-31;197;March;2016;
S60 II;2016-03-31;2311;March;2016;
S60L;2016-03-31;2872;March;2016;
S80 II;2016-03-31;538;March;2016;
S80L;2016-03-31;2;March;2016;
V40;2016-03-31;8560;March;2016;
V40 CC;2016-03-31;2405;March;2016;
V60;2016-03-31;4130;March;2016;
V60 CC;2016-03-31;1726;March;2016;
V70 III;2016-03-31;2795;March;2016;
XC60;2016-03-31;14676;March;2016;
XC70 III;2016-03-31;3380;March;2016;
XC90;2016-03-31;146;March;2016;
XC90 II;2016-03-31;8541;March;2016;
C30;2015-03-31;5;March;2015;
C70 II;2015-03-31;2;March;2015;
S60 CC;2015-03-31;0;March;2015;
S60 II;2015-03-31;4409;March;2015;
S60L;2015-03-31;1925;March;2015;
S80 II;2015-03-31;570;March;2015;
S80L;2015-03-31;261;March;2015;
V40;2015-03-31;8898;March;2015;
V40 CC;2015-03-31;2687;March;2015;
V60;2015-03-31;5621;March;2015;
V60 CC;2015-03-31;253;March;2015;
V70 III;2015-03-31;2648;March;2015;
XC60;2015-03-31;15925;March;2015;
XC70 III;2015-03-31;3468;March;2015;
XC90;2015-03-31;214;March;2015;
XC90 II;2015-03-31;1;March;2015;
C70 II;2016-02-29;0;February;2016;
S60 CC;2016-02-29;117;February;2016;
S60 II;2016-02-29;1609;February;2016;
S60L;2016-02-29;1606;February;2016;
S80 II;2016-02-29;320;February;2016;
S80L;2016-02-29;8;February;2016;
V40;2016-02-29;4813;February;2016;
V40 CC;2016-02-29;1387;February;2016;
V60;2016-02-29;2632;February;2016;
V60 CC;2016-02-29;1366;February;2016;
V70 III;2016-02-29;2096;February;2016;
XC60;2016-02-29;9425;February;2016;
XC70 III;2016-02-29;2495;February;2016;
XC90;2016-02-29;622;February;2016;
XC90 II;2016-02-29;6055;February;2016;
C70 II;2015-02-28;0;February;2015;
S60 CC;2015-02-28;0;February;2015;
S60 II;2015-02-28;2698;February;2015;
S60L;2015-02-28;1560;February;2015;
S80 II;2015-02-28;439;February;2015;
S80L;2015-02-28;166;February;2015;
V40;2015-02-28;4620;February;2015;
V40 CC;2015-02-28;1793;February;2015;
V60;2015-02-28;4066;February;2015;
V60 CC;2015-02-28;73;February;2015;
V70 III;2015-02-28;1891;February;2015;
XC60;2015-02-28;10381;February;2015;
XC70 III;2015-02-28;2084;February;2015;
XC90;2015-02-28;214;February;2015;
XC90 II;2015-02-28;0;February;2015;
C70 II;2016-01-31;0;January;2016;
S60 CC;2016-01-31;149;January;2016;
S60 II;2016-01-31;1591;January;2016;
S60L;2016-01-31;2295;January;2016;
S80 II;2016-01-31;315;January;2016;
S80L;2016-01-31;37;January;2016;
V40;2016-01-31;4870;January;2016;
V40 CC;2016-01-31;1295;January;2016;
V60;2016-01-31;2278;January;2016;
V60 CC;2016-01-31;1083;January;2016;
V70 III;2016-01-31;1504;January;2016;
XC60;2016-01-31;10213;January;2016;
XC70 III;2016-01-31;1793;January;2016;
XC90;2016-01-31;118;January;2016;
XC90 II;2016-01-31;6219;January;2016;
C70 II;2015-01-31;6;January;2015;
S60 CC;2015-01-31;0;January;2015;
S60 II;2015-01-31;3089;January;2015;
S60L;2015-01-31;1671;January;2015;
S80 II;2015-01-31;577;January;2015;
S80L;2015-01-31;321;January;2015;
V40;2015-01-31;5471;January;2015;
V40 CC;2015-01-31;1519;January;2015;
V60;2015-01-31;3961;January;2015;
V60 CC;2015-01-31;28;January;2015;
V70 III;2015-01-31;1593;January;2015;
XC60;2015-01-31;10403;January;2015;
XC70 III;2015-01-31;2009;January;2015;
XC90;2015-01-31;206;January;2015;
XC90 II;2015-01-31;0;January;2015;
C30;2014-12-31;1;December;2014;
C70 II;2014-12-31;1;December;2014;
S40 II;2014-12-31;1;December;2014;
S60 II;2014-12-31;4029;December;2014;
S60L;2014-12-31;3284;December;2014;
S80 II;2014-12-31;648;December;2014;
S80L;2014-12-31;458;December;2014;
V40;2014-12-31;9587;December;2014;
V40 CC;2014-12-31;2623;December;2014;
V50;2014-12-31;3;December;2014;
V60;2014-12-31;5677;December;2014;
V70 III;2014-12-31;2676;December;2014;
XC60;2014-12-31;14429;December;2014;
XC70 III;2014-12-31;3151;December;2014;
XC90;2014-12-31;477;December;2014;
C30;2013-12-31;57;December;2013;
C70 II;2013-12-31;310;December;2013;
S40 II;2013-12-31;1;December;2013;
S60 II;2013-12-31;4720;December;2013;
S60L;2013-12-31;67;December;2013;
S80 II;2013-12-31;735;December;2013;
S80L;2013-12-31;401;December;2013;
V40;2013-12-31;8093;December;2013;
V40 CC;2013-12-31;2468;December;2013;
V50;2013-12-31;2;December;2013;
V60;2013-12-31;6042;December;2013;
V70 III;2013-12-31;2304;December;2013;
XC60;2013-12-31;12308;December;2013;
XC70 III;2013-12-31;2882;December;2013;
XC90;2013-12-31;2661;December;2013;
C30;2014-11-30;0;November;2014;
C70 II;2014-11-30;2;November;2014;
S40 II;2014-11-30;0;November;2014;
S60 II;2014-11-30;2927;November;2014;
S60L;2014-11-30;2520;November;2014;
S80 II;2014-11-30;721;November;2014;
S80L;2014-11-30;355;November;2014;
V40;2014-11-30;7328;November;2014;
V40 CC;2014-11-30;2263;November;2014;
V50;2014-11-30;0;November;2014;
V60;2014-11-30;4773;November;2014;
V70 III;2014-11-30;2497;November;2014;
XC60;2014-11-30;12360;November;2014;
XC70 III;2014-11-30;2714;November;2014;
XC90;2014-11-30;481;November;2014;
C30;2013-11-30;93;November;2013;
C70 II;2013-11-30;268;November;2013;
S40 II;2013-11-30;0;November;2013;
S60 II;2013-11-30;4528;November;2013;
S60L;2013-11-30;0;November;2013;
S80 II;2013-11-30;680;November;2013;
S80L;2013-11-30;288;November;2013;
V40;2013-11-30;7553;November;2013;
V40 CC;2013-11-30;2242;November;2013;
V50;2013-11-30;9;November;2013;
V60;2013-11-30;5350;November;2013;
V70 III;2013-11-30;2409;November;2013;
XC60;2013-11-30;10119;November;2013;
XC70 III;2013-11-30;2349;November;2013;
XC90;2013-11-30;2057;November;2013;
C30;2014-10-31;10;October;2014;
C70 II;2014-10-31;1;October;2014;
S40 II;2014-10-31;2;October;2014;
S60 II;2014-10-31;3155;October;2014;
S60L;2014-10-31;2414;October;2014;
S80 II;2014-10-31;672;October;2014;
S80L;2014-10-31;366;October;2014;
V40;2014-10-31;7560;October;2014;
V40 CC;2014-10-31;2421;October;2014;
V50;2014-10-31;0;October;2014;
V60;2014-10-31;5977;October;2014;
V70 III;2014-10-31;2754;October;2014;
XC60;2014-10-31;11895;October;2014;
XC70 III;2014-10-31;2614;October;2014;
XC90;2014-10-31;839;October;2014;
C30;2013-10-31;105;October;2013;
C70 II;2013-10-31;349;October;2013;
S40 II;2013-10-31;2;October;2013;
S60 II;2013-10-31;4073;October;2013;
S60L;2013-10-31;0;October;2013;
S80 II;2013-10-31;669;October;2013;
S80L;2013-10-31;157;October;2013;
V40;2013-10-31;7259;October;2013;
V40 CC;2013-10-31;2230;October;2013;
V50;2013-10-31;2;October;2013;
V60;2013-10-31;5170;October;2013;
V70 III;2013-10-31;2323;October;2013;
XC60;2013-10-31;9954;October;2013;
XC70 III;2013-10-31;2079;October;2013;
XC90;2013-10-31;1755;October;2013;
C30;2014-09-30;2;September;2014;
C70 II;2014-09-30;8;September;2014;
S40 II;2014-09-30;0;September;2014;
S60 II;2014-09-30;3866;September;2014;
S60L;2014-09-30;2551;September;2014;
S80 II;2014-09-30;710;September;2014;
S80L;2014-09-30;384;September;2014;
V40;2014-09-30;8850;September;2014;
V40 CC;2014-09-30;2541;September;2014;
V50;2014-09-30;0;September;2014;
V60;2014-09-30;5921;September;2014;
V70 III;2014-09-30;2546;September;2014;
XC60;2014-09-30;12970;September;2014;
XC70 III;2014-09-30;2689;September;2014;
XC90;2014-09-30;1453;September;2014;
C30;2013-09-30;180;September;2013;
C70 II;2013-09-30;343;September;2013;
S40 II;2013-09-30;5;September;2013;
S60 II;2013-09-30;5165;September;2013;
S60L;2013-09-30;0;September;2013;
S80 II;2013-09-30;781;September;2013;
S80L;2013-09-30;153;September;2013;
V40;2013-09-30;8220;September;2013;
V40 CC;2013-09-30;2463;September;2013;
V50;2013-09-30;4;September;2013;
V60;2013-09-30;5969;September;2013;
V70 III;2013-09-30;2493;September;2013;
XC60;2013-09-30;10757;September;2013;
XC70 III;2013-09-30;2367;September;2013;
XC90;2013-09-30;2052;September;2013;
C30;2014-08-31;2;August;2014;
C70 II;2014-08-31;14;August;2014;
S40 II;2014-08-31;1;August;2014;
S60 II;2014-08-31;3143;August;2014;
S60L;2014-08-31;2108;August;2014;
S80 II;2014-08-31;458;August;2014;
S80L;2014-08-31;346;August;2014;
V40;2014-08-31;4775;August;2014;
V40 CC;2014-08-31;1437;August;2014;
V50;2014-08-31;0;August;2014;
V60;2014-08-31;3584;August;2014;
V70 III;2014-08-31;1597;August;2014;
XC60;2014-08-31;8695;August;2014;
XC70 III;2014-08-31;1742;August;2014;
XC90;2014-08-31;1355;August;2014;
C30;2013-08-31;172;August;2013;
C70 II;2013-08-31;708;August;2013;
S40 II;2013-08-31;7;August;2013;
S60 II;2013-08-31;4139;August;2013;
S60L;2013-08-31;0;August;2013;
S80 II;2013-08-31;523;August;2013;
S80L;2013-08-31;137;August;2013;
V40;2013-08-31;4726;August;2013;
V40 CC;2013-08-31;1296;August;2013;
V50;2013-08-31;9;August;2013;
V60;2013-08-31;3243;August;2013;
V70 III;2013-08-31;1493;August;2013;
XC60;2013-08-31;7646;August;2013;
XC70 III;2013-08-31;1416;August;2013;
XC90;2013-08-31;1483;August;2013;
C30;2014-07-31;4;July;2014;
C70 II;2014-07-31;32;July;2014;
S40 II;2014-07-31;3;July;2014;
S60 II;2014-07-31;3510;July;2014;
S60L;2014-07-31;2102;July;2014;
S80 II;2014-07-31;536;July;2014;
S80L;2014-07-31;301;July;2014;
V40;2014-07-31;6880;July;2014;
V40 CC;2014-07-31;2126;July;2014;
V50;2014-07-31;0;July;2014;
V60;2014-07-31;4466;July;2014;
V70 III;2014-07-31;1913;July;2014;
XC60;2014-07-31;10803;July;2014;
XC70 III;2014-07-31;1867;July;2014;
XC90;2014-07-31;1896;July;2014;
C30;2013-07-31;327;July;2013;
C70 II;2013-07-31;531;July;2013;
S40 II;2013-07-31;8;July;2013;
S60 II;2013-07-31;4846;July;2013;
S60L;2013-07-31;0;July;2013;
S80 II;2013-07-31;628;July;2013;
S80L;2013-07-31;225;July;2013;
V40;2013-07-31;7057;July;2013;
V40 CC;2013-07-31;1476;July;2013;
V50;2013-07-31;14;July;2013;
V60;2013-07-31;4219;July;2013;
V70 III;2013-07-31;1904;July;2013;
XC60;2013-07-31;8810;July;2013;
XC70 III;2013-07-31;1642;July;2013;
XC90;2013-07-31;1963;July;2013;
C30;2014-06-30;1;June;2014;
C70 II;2014-06-30;65;June;2014;
S40 II;2014-06-30;1;June;2014;
S60 II;2014-06-30;4533;June;2014;
S60L;2014-06-30;2116;June;2014;
S80 II;2014-06-30;615;June;2014;
S80L;2014-06-30;433;June;2014;
V40;2014-06-30;7850;June;2014;
V40 CC;2014-06-30;2451;June;2014;
V50;2014-06-30;1;June;2014;
V60;2014-06-30;5524;June;2014;
V70 III;2014-06-30;2485;June;2014;
XC60;2014-06-30;12098;June;2014;
XC70 III;2014-06-30;2742;June;2014;
XC90;2014-06-30;2217;June;2014;
C30;2013-06-30;448;June;2013;
C70 II;2013-06-30;739;June;2013;
S40 II;2013-06-30;15;June;2013;
S60 II;2013-06-30;7210;June;2013;
S60L;2013-06-30;0;June;2013;
S80 II;2013-06-30;737;June;2013;
S80L;2013-06-30;255;June;2013;
V40;2013-06-30;6540;June;2013;
V40 CC;2013-06-30;1980;June;2013;
V50;2013-06-30;19;June;2013;
V60;2013-06-30;4579;June;2013;
V70 III;2013-06-30;2540;June;2013;
XC60;2013-06-30;10961;June;2013;
XC70 III;2013-06-30;2369;June;2013;
XC90;2013-06-30;2546;June;2013;
C30;2014-05-31;2;May;2014;
C70 II;2014-05-31;152;May;2014;
S40 II;2014-05-31;4;May;2014;
S60 II;2014-05-31;4100;May;2014;
S60L;2014-05-31;1910;May;2014;
S80 II;2014-05-31;553;May;2014;
S80L;2014-05-31;388;May;2014;
V40;2014-05-31;6676;May;2014;
V40 CC;2014-05-31;2349;May;2014;
V50;2014-05-31;2;May;2014;
V60;2014-05-31;5480;May;2014;
V70 III;2014-05-31;2341;May;2014;
XC60;2014-05-31;11823;May;2014;
XC70 III;2014-05-31;2670;May;2014;
XC90;2014-05-31;1999;May;2014;
C30;2013-05-31;586;May;2013;
C70 II;2013-05-31;660;May;2013;
S40 II;2013-05-31;8;May;2013;
S60 II;2013-05-31;5895;May;2013;
S60L;2013-05-31;0;May;2013;
S80 II;2013-05-31;583;May;2013;
S80L;2013-05-31;189;May;2013;
V40;2013-05-31;5953;May;2013;
V40 CC;2013-05-31;1991;May;2013;
V50;2013-05-31;15;May;2013;
V60;2013-05-31;3811;May;2013;
V70 III;2013-05-31;2191;May;2013;
XC60;2013-05-31;9706;May;2013;
XC70 III;2013-05-31;2043;May;2013;
XC90;2013-05-31;2029;May;2013;
C30;2014-04-30;27;April;2014;
C70 II;2014-04-30;186;April;2014;
S40 II;2014-04-30;4;April;2014;
S60 II;2014-04-30;3863;April;2014;
S60L;2014-04-30;1831;April;2014;
S80 II;2014-04-30;591;April;2014;
S80L;2014-04-30;416;April;2014;
V40;2014-04-30;5987;April;2014;
V40 CC;2014-04-30;1975;April;2014;
V50;2014-04-30;0;April;2014;
V60;2014-04-30;4800;April;2014;
V70 III;2014-04-30;2456;April;2014;
XC60;2014-04-30;10636;April;2014;
XC70 III;2014-04-30;2758;April;2014;
XC90;2014-04-30;1732;April;2014;
C30;2013-04-30;746;April;2013;
C70 II;2013-04-30;515;April;2013;
S40 II;2013-04-30;14;April;2013;
S60 II;2013-04-30;5074;April;2013;
S60L;2013-04-30;0;April;2013;
S80 II;2013-04-30;663;April;2013;
S80L;2013-04-30;239;April;2013;
V40;2013-04-30;5432;April;2013;
V40 CC;2013-04-30;1913;April;2013;
V50;2013-04-30;14;April;2013;
V60;2013-04-30;4256;April;2013;
V70 III;2013-04-30;2462;April;2013;
XC60;2013-04-30;8575;April;2013;
XC70 III;2013-04-30;2030;April;2013;
XC90;2013-04-30;1769;April;2013;
C30;2014-03-31;60;March;2014;
C70 II;2014-03-31;181;March;2014;
S40 II;2014-03-31;0;March;2014;
S60 II;2014-03-31;4803;March;2014;
S60L;2014-03-31;1300;March;2014;
S80 II;2014-03-31;851;March;2014;
S80L;2014-03-31;441;March;2014;
V40;2014-03-31;9214;March;2014;
V40 CC;2014-03-31;2715;March;2014;
V50;2014-03-31;1;March;2014;
V60;2014-03-31;6702;March;2014;
V70 III;2014-03-31;2929;March;2014;
XC60;2014-03-31;13665;March;2014;
XC70 III;2014-03-31;2613;March;2014;
XC90;2014-03-31;2375;March;2014;
C30;2013-03-31;1221;March;2013;
C70 II;2013-03-31;604;March;2013;
S40 II;2013-03-31;46;March;2013;
S60 II;2013-03-31;6390;March;2013;
S60L;2013-03-31;0;March;2013;
S80 II;2013-03-31;827;March;2013;
S80L;2013-03-31;389;March;2013;
V40;2013-03-31;7656;March;2013;
V40 CC;2013-03-31;1658;March;2013;
V50;2013-03-31;27;March;2013;
V60;2013-03-31;5263;March;2013;
V70 III;2013-03-31;2353;March;2013;
XC60;2013-03-31;9797;March;2013;
XC70 III;2013-03-31;2126;March;2013;
XC90;2013-03-31;2219;March;2013;
C30;2014-02-28;30;February;2014;
C70 II;2014-02-28;169;February;2014;
S40 II;2014-02-28;3;February;2014;
S60 II;2014-02-28;3044;February;2014;
S60L;2014-02-28;768;February;2014;
S80 II;2014-02-28;503;February;2014;
S80L;2014-02-28;358;February;2014;
V40;2014-02-28;4993;February;2014;
V40 CC;2014-02-28;1688;February;2014;
V50;2014-02-28;1;February;2014;
V60;2014-02-28;4445;February;2014;
V70 III;2014-02-28;1900;February;2014;
XC60;2014-02-28;8672;February;2014;
XC70 III;2014-02-28;1954;February;2014;
XC90;2014-02-28;1420;February;2014;
C30;2013-02-28;792;February;2013;
C70 II;2013-02-28;390;February;2013;
S40 II;2013-02-28;28;February;2013;
S60 II;2013-02-28;4572;February;2013;
S60L;2013-02-28;0;February;2013;
S80 II;2013-02-28;554;February;2013;
S80L;2013-02-28;495;February;2013;
V40;2013-02-28;5029;February;2013;
V40 CC;2013-02-28;987;February;2013;
V50;2013-02-28;43;February;2013;
V60;2013-02-28;3301;February;2013;
V70 III;2013-02-28;1800;February;2013;
XC60;2013-02-28;7402;February;2013;
XC70 III;2013-02-28;1705;February;2013;
XC90;2013-02-28;1529;February;2013;
C30;2014-01-31;31;January;2014;
C70 II;2014-01-31;148;January;2014;
S40 II;2014-01-31;1;January;2014;
S60 II;2014-01-31;3282;January;2014;
S60L;2014-01-31;464;January;2014;
S80 II;2014-01-31;810;January;2014;
S80L;2014-01-31;575;January;2014;
V40;2014-01-31;5071;January;2014;
V40 CC;2014-01-31;1504;January;2014;
V50;2014-01-31;7;January;2014;
V60;2014-01-31;4628;January;2014;
V70 III;2014-01-31;1701;January;2014;
XC60;2014-01-31;8947;January;2014;
XC70 III;2014-01-31;1578;January;2014;
XC90;2014-01-31;1625;January;2014;
C30;2013-01-31;901;January;2013;
C70 II;2013-01-31;341;January;2013;
S40 II;2013-01-31;47;January;2013;
S60 II;2013-01-31;4967;January;2013;
S60L;2013-01-31;0;January;2013;
S80 II;2013-01-31;571;January;2013;
S80L;2013-01-31;603;January;2013;
V40;2013-01-31;4789;January;2013;
V40 CC;2013-01-31;900;January;2013;
V50;2013-01-31;65;January;2013;
V60;2013-01-31;3463;January;2013;
V70 III;2013-01-31;1861;January;2013;
XC60;2013-01-31;7975;January;2013;
XC70 III;2013-01-31;1410;January;2013;
XC90;2013-01-31;1721;January;2013;
C30;2012-12-31;1286;December;2012;
C70 II;2012-12-31;386;December;2012;
S40 II;2012-12-31;93;December;2012;
S60 II;2012-12-31;6042;December;2012;
S80 II;2012-12-31;918;December;2012;
S80L;2012-12-31;686;December;2012;
V40;2012-12-31;4635;December;2012;
V40 CC;2012-12-31;244;December;2012;
V50;2012-12-31;398;December;2012;
V60;2012-12-31;5570;December;2012;
V70 III;2012-12-31;3100;December;2012;
XC60;2012-12-31;9925;December;2012;
XC70 III;2012-12-31;2468;December;2012;
XC90;2012-12-31;2804;December;2012;
C30;2011-12-31;2179;December;2011;
C70 II;2011-12-31;551;December;2011;
S40 II;2011-12-31;1757;December;2011;
S60 II;2011-12-31;6265;December;2011;
S80 II;2011-12-31;1229;December;2011;
S80L;2011-12-31;1428;December;2011;
V40;2011-12-31;0;December;2011;
V40 CC;2011-12-31;0;December;2011;
V50;2011-12-31;3548;December;2011;
V60;2011-12-31;4536;December;2011;
V70 III;2011-12-31;3079;December;2011;
XC60;2011-12-31;9726;December;2011;
XC70 III;2011-12-31;2998;December;2011;
XC90;2011-12-31;4231;December;2011;
C30;2012-11-30;1352;November;2012;
C70 II;2012-11-30;442;November;2012;
S40 II;2012-11-30;159;November;2012;
S60 II;2012-11-30;5139;November;2012;
S80 II;2012-11-30;853;November;2012;
S80L;2012-11-30;490;November;2012;
V40;2012-11-30;5470;November;2012;
V50;2012-11-30;568;November;2012;
V60;2012-11-30;4583;November;2012;
V70 III;2012-11-30;2287;November;2012;
XC60;2012-11-30;9727;November;2012;
XC70 III;2012-11-30;2429;November;2012;
XC90;2012-11-30;2365;November;2012;
C30;2011-11-30;2301;November;2011;
C70 II;2011-11-30;613;November;2011;
S40 II;2011-11-30;1547;November;2011;
S60 II;2011-11-30;5810;November;2011;
S80 II;2011-11-30;918;November;2011;
S80L;2011-11-30;770;November;2011;
V40;2011-11-30;0;November;2011;
V50;2011-11-30;3901;November;2011;
V60;2011-11-30;4568;November;2011;
V70 III;2011-11-30;3266;November;2011;
XC60;2011-11-30;8488;November;2011;
XC70 III;2011-11-30;2697;November;2011;
XC90;2011-11-30;3495;November;2011;
C30;2012-10-31;1235;October;2012;
C70 II;2012-10-31;398;October;2012;
S40 II;2012-10-31;245;October;2012;
S60 II;2012-10-31;4245;October;2012;
S80 II;2012-10-31;803;October;2012;
S80L;2012-10-31;292;October;2012;
V40;2012-10-31;6228;October;2012;
V50;2012-10-31;680;October;2012;
V60;2012-10-31;4857;October;2012;
V70 III;2012-10-31;2709;October;2012;
XC60;2012-10-31;8974;October;2012;
XC70 III;2012-10-31;2090;October;2012;
XC90;2012-10-31;2087;October;2012;
C30;2011-10-31;2123;October;2011;
C70 II;2011-10-31;575;October;2011;
S40 II;2011-10-31;1665;October;2011;
S60 II;2011-10-31;5645;October;2011;
S80 II;2011-10-31;1057;October;2011;
S80L;2011-10-31;556;October;2011;
V40;2011-10-31;0;October;2011;
V50;2011-10-31;3597;October;2011;
V60;2011-10-31;4728;October;2011;
V70 III;2011-10-31;3337;October;2011;
XC60;2011-10-31;7181;October;2011;
XC70 III;2011-10-31;2065;October;2011;
XC90;2011-10-31;2960;October;2011;
C30;2012-09-30;1632;September;2012;
C70 II;2012-09-30;480;September;2012;
S40 II;2012-09-30;588;September;2012;
S60 II;2012-09-30;5435;September;2012;
S80 II;2012-09-30;953;September;2012;
S80L;2012-09-30;840;September;2012;
V40;2012-09-30;3063;September;2012;
V50;2012-09-30;1703;September;2012;
V60;2012-09-30;4625;September;2012;
V70 III;2012-09-30;2486;September;2012;
XC60;2012-09-30;9462;September;2012;
XC70 III;2012-09-30;2120;September;2012;
XC90;2012-09-30;2694;September;2012;
C30;2011-09-30;2693;September;2011;
C70 II;2011-09-30;780;September;2011;
S40 II;2011-09-30;1955;September;2011;
S60 II;2011-09-30;6360;September;2011;
S80 II;2011-09-30;1427;September;2011;
S80L;2011-09-30;1069;September;2011;
V40;2011-09-30;0;September;2011;
V50;2011-09-30;4021;September;2011;
V60;2011-09-30;5652;September;2011;
V70 III;2011-09-30;3621;September;2011;
XC60;2011-09-30;7703;September;2011;
XC70 III;2011-09-30;2658;September;2011;
XC90;2011-09-30;4039;September;2011;
C30;2012-08-31;1132;August;2012;
C70 II;2012-08-31;554;August;2012;
S40 II;2012-08-31;596;August;2012;
S60 II;2012-08-31;4630;August;2012;
S80 II;2012-08-31;831;August;2012;
S80L;2012-08-31;190;August;2012;
V40;2012-08-31;1195;August;2012;
V50;2012-08-31;1211;August;2012;
V60;2012-08-31;2658;August;2012;
V70 III;2012-08-31;2002;August;2012;
XC60;2012-08-31;7153;August;2012;
XC70 III;2012-08-31;1543;August;2012;
XC90;2012-08-31;2099;August;2012;
C30;2011-08-31;1587;August;2011;
C70 II;2011-08-31;645;August;2011;
S40 II;2011-08-31;1349;August;2011;
S60 II;2011-08-31;4759;August;2011;
S80 II;2011-08-31;1012;August;2011;
S80L;2011-08-31;852;August;2011;
V40;2011-08-31;0;August;2011;
V50;2011-08-31;2348;August;2011;
V60;2011-08-31;2818;August;2011;
V70 III;2011-08-31;2386;August;2011;
XC60;2011-08-31;4909;August;2011;
XC70 III;2011-08-31;1698;August;2011;
XC90;2011-08-31;2574;August;2011;
C30;2012-07-31;1396;July;2012;
C70 II;2012-07-31;637;July;2012;
S40 II;2012-07-31;755;July;2012;
S60 II;2012-07-31;5057;July;2012;
S80 II;2012-07-31;871;July;2012;
S80L;2012-07-31;231;July;2012;
V40;2012-07-31;1328;July;2012;
V50;2012-07-31;1707;July;2012;
V60;2012-07-31;3514;July;2012;
V70 III;2012-07-31;2141;July;2012;
XC60;2012-07-31;7792;July;2012;
XC70 III;2012-07-31;1717;July;2012;
XC90;2012-07-31;2359;July;2012;
C30;2011-07-31;1863;July;2011;
C70 II;2011-07-31;885;July;2011;
S40 II;2011-07-31;1908;July;2011;
S60 II;2011-07-31;5182;July;2011;
S80 II;2011-07-31;1266;July;2011;
S80L;2011-07-31;806;July;2011;
V40;2011-07-31;0;July;2011;
V50;2011-07-31;3296;July;2011;
V60;2011-07-31;3423;July;2011;
V70 III;2011-07-31;2598;July;2011;
XC60;2011-07-31;7587;July;2011;
XC70 III;2011-07-31;2079;July;2011;
XC90;2011-07-31;3311;July;2011;
C30;2012-06-30;2956;June;2012;
C70 II;2012-06-30;1328;June;2012;
S40 II;2012-06-30;1427;June;2012;
S60 II;2012-06-30;6762;June;2012;
S80 II;2012-06-30;1372;June;2012;
S80L;2012-06-30;249;June;2012;
V40;2012-06-30;283;June;2012;
V50;2012-06-30;3679;June;2012;
V60;2012-06-30;5717;June;2012;
V70 III;2012-06-30;3029;June;2012;
XC60;2012-06-30;9923;June;2012;
XC70 III;2012-06-30;2382;June;2012;
XC90;2012-06-30;2912;June;2012;
C30;2011-06-30;2619;June;2011;
C70 II;2011-06-30;1114;June;2011;
S40 II;2011-06-30;2278;June;2011;
S60 II;2011-06-30;7243;June;2011;
S80 II;2011-06-30;1607;June;2011;
S80L;2011-06-30;1105;June;2011;
V40;2011-06-30;0;June;2011;
V50;2011-06-30;3979;June;2011;
V60;2011-06-30;5194;June;2011;
V70 III;2011-06-30;3314;June;2011;
XC60;2011-06-30;10179;June;2011;
XC70 III;2011-06-30;2062;June;2011;
XC90;2011-06-30;4059;June;2011;
C30;2012-05-31;1653;May;2012;
C70 II;2012-05-31;868;May;2012;
S40 II;2012-05-31;1575;May;2012;
S60 II;2012-05-31;5724;May;2012;
S80 II;2012-05-31;1177;May;2012;
S80L;2012-05-31;346;May;2012;
V50;2012-05-31;4116;May;2012;
V60;2012-05-31;4947;May;2012;
V70 III;2012-05-31;2670;May;2012;
XC60;2012-05-31;9597;May;2012;
XC70 III;2012-05-31;2367;May;2012;
XC90;2012-05-31;2690;May;2012;
C30;2011-05-31;2399;May;2011;
C70 II;2011-05-31;1243;May;2011;
S40 II;2011-05-31;2388;May;2011;
S60 II;2011-05-31;6746;May;2011;
S80 II;2011-05-31;1606;May;2011;
S80L;2011-05-31;790;May;2011;
V50;2011-05-31;3904;May;2011;
V60;2011-05-31;4781;May;2011;
V70 III;2011-05-31;3163;May;2011;
XC60;2011-05-31;9090;May;2011;
XC70 III;2011-05-31;2093;May;2011;
XC90;2011-05-31;3262;May;2011;
C30;2012-04-30;1447;April;2012;
C70 II;2012-04-30;845;April;2012;
S40 II;2012-04-30;1637;April;2012;
S60 II;2012-04-30;4803;April;2012;
S80 II;2012-04-30;1008;April;2012;
S80L;2012-04-30;440;April;2012;
V50;2012-04-30;4264;April;2012;
V60;2012-04-30;3923;April;2012;
V70 III;2012-04-30;2703;April;2012;
XC60;2012-04-30;8729;April;2012;
XC70 III;2012-04-30;2136;April;2012;
XC90;2012-04-30;2731;April;2012;
C30;2011-04-30;2369;April;2011;
C70 II;2011-04-30;1345;April;2011;
S40 II;2011-04-30;2117;April;2011;
S60 II;2011-04-30;5740;April;2011;
S80 II;2011-04-30;1237;April;2011;
S80L;2011-04-30;613;April;2011;
V50;2011-04-30;3988;April;2011;
V60;2011-04-30;3748;April;2011;
V70 III;2011-04-30;3083;April;2011;
XC60;2011-04-30;8110;April;2011;
XC70 III;2011-04-30;2055;April;2011;
XC90;2011-04-30;3296;April;2011;
C30;2012-03-31;2050;March;2012;
C70 II;2012-03-31;1135;March;2012;
S40 II;2012-03-31;2019;March;2012;
S60 II;2012-03-31;7339;March;2012;
S80 II;2012-03-31;1332;March;2012;
S80L;2012-03-31;553;March;2012;
V50;2012-03-31;5245;March;2012;
V60;2012-03-31;5646;March;2012;
V70 III;2012-03-31;3472;March;2012;
XC60;2012-03-31;10471;March;2012;
XC70 III;2012-03-31;2577;March;2012;
XC90;2012-03-31;3426;March;2012;
C30;2011-03-31;3191;March;2011;
C70 II;2011-03-31;1058;March;2011;
S40 II;2011-03-31;3024;March;2011;
S60 II;2011-03-31;7077;March;2011;
S80 II;2011-03-31;1288;March;2011;
S80L;2011-03-31;699;March;2011;
V50;2011-03-31;6218;March;2011;
V60;2011-03-31;4734;March;2011;
V70 III;2011-03-31;4089;March;2011;
XC60;2011-03-31;9823;March;2011;
XC70 III;2011-03-31;2640;March;2011;
XC90;2011-03-31;3735;March;2011;
C30;2012-02-29;1503;February;2012;
C70 II;2012-02-29;487;February;2012;
S40 II;2012-02-29;1544;February;2012;
S60 II;2012-02-29;5407;February;2012;
S80 II;2012-02-29;835;February;2012;
S80L;2012-02-29;583;February;2012;
V50;2012-02-29;3082;February;2012;
V60;2012-02-29;3798;February;2012;
V70 III;2012-02-29;2378;February;2012;
XC60;2012-02-29;7365;February;2012;
XC70 III;2012-02-29;1902;February;2012;
XC90;2012-02-29;2504;February;2012;
C30;2011-02-28;1836;February;2011;
C70 II;2011-02-28;602;February;2011;
S40 II;2011-02-28;1694;February;2011;
S60 II;2011-02-28;3895;February;2011;
S80 II;2011-02-28;1076;February;2011;
S80L;2011-02-28;442;February;2011;
V50;2011-02-28;3732;February;2011;
V60;2011-02-28;3142;February;2011;
V70 III;2011-02-28;2254;February;2011;
XC60;2011-02-28;6951;February;2011;
XC70 III;2011-02-28;1633;February;2011;
XC90;2011-02-28;2158;February;2011;
C30;2012-01-31;1614;January;2012;
C70 II;2012-01-31;469;January;2012;
S40 II;2012-01-31;1716;January;2012;
S60 II;2012-01-31;4163;January;2012;
S80 II;2012-01-31;745;January;2012;
S80L;2012-01-31;645;January;2012;
V50;2012-01-31;3593;January;2012;
V60;2012-01-31;3199;January;2012;
V70 III;2012-01-31;2545;January;2012;
XC60;2012-01-31;7085;January;2012;
XC70 III;2012-01-31;1848;January;2012;
XC90;2012-01-31;2619;January;2012;
C30;2011-01-31;1930;January;2011;
C70 II;2011-01-31;502;January;2011;
S40 II;2011-01-31;1939;January;2011;
S60 II;2011-01-31;3608;January;2011;
S80 II;2011-01-31;958;January;2011;
S80L;2011-01-31;888;January;2011;
V50;2011-01-31;3438;January;2011;
V60;2011-01-31;2496;January;2011;
V70 III;2011-01-31;2652;January;2011;
XC60;2011-01-31;7436;January;2011;
XC70 III;2011-01-31;1478;January;2011;
XC90;2011-01-31;2511;January;2011;
