index,model,date,sales,date_year,date_month
0,S60 CC,2018-12-31,87,2018,12
1,S60 II,2018-12-31,961,2018,12
2,S60L,2018-12-31,1314,2018,12
3,S80 II,2018-12-31,0,2018,12
4,S90,2018-12-31,5108,2018,12
5,V40,2018-12-31,5121,2018,12
6,V40 CC,2018-12-31,1591,2018,12
7,V60,2018-12-31,524,2018,12
8,V60 CC,2018-12-31,249,2018,12
9,V60 II,2018-12-31,4906,2018,12
10,V70 III,2018-12-31,0,2018,12
11,V90,2018-12-31,2277,2018,12
12,V90 CC,2018-12-31,1991,2018,12
13,XC40,2018-12-31,8724,2018,12
14,XC60,2018-12-31,16,2018,12
15,XC60 II,2018-12-31,18265,2018,12
16,XC70 III,2018-12-31,0,2018,12
17,XC90 II,2018-12-31,9023,2018,12
18,S60 CC,2017-12-31,154,2017,12
19,S60 II,2017-12-31,1996,2017,12
20,S60L,2017-12-31,2929,2017,12
21,S80 II,2017-12-31,2,2017,12
22,S90,2017-12-31,6787,2017,12
23,V40,2017-12-31,7729,2017,12
24,V40 CC,2017-12-31,2352,2017,12
25,V60,2017-12-31,3586,2017,12
26,V60 CC,2017-12-31,1665,2017,12
27,V60 II,2017-12-31,0,2017,12
28,V70 III,2017-12-31,0,2017,12
29,V90,2017-12-31,2711,2017,12
30,V90 CC,2017-12-31,2190,2017,12
31,XC40,2017-12-31,96,2017,12
32,XC60,2017-12-31,3658,2017,12
33,XC60 II,2017-12-31,11635,2017,12
34,XC70 III,2017-12-31,0,2017,12
35,XC90 II,2017-12-31,11036,2017,12
36,Other,2018-11-30,62,2018,11
37,S60 CC,2018-11-30,67,2018,11
38,S60 II,2018-11-30,828,2018,11
39,S60L,2018-11-30,1693,2018,11
40,S80 II,2018-11-30,0,2018,11
41,S90,2018-11-30,4223,2018,11
42,V40,2018-11-30,4277,2018,11
43,V40 CC,2018-11-30,1360,2018,11
44,V60,2018-11-30,286,2018,11
45,V60 CC,2018-11-30,147,2018,11
46,V60 II,2018-11-30,3993,2018,11
47,V70 III,2018-11-30,0,2018,11
48,V90,2018-11-30,2386,2018,11
49,V90 CC,2018-11-30,1902,2018,11
50,XC40,2018-11-30,8993,2018,11
51,XC60,2018-11-30,8,2018,11
52,XC60 II,2018-11-30,18275,2018,11
53,XC70 III,2018-11-30,0,2018,11
54,XC90 II,2018-11-30,7534,2018,11
55,Other,2017-11-30,0,2017,11
56,S60 CC,2017-11-30,150,2017,11
57,S60 II,2017-11-30,1740,2017,11
58,S60L,2017-11-30,3014,2017,11
59,S80 II,2017-11-30,0,2017,11
60,S90,2017-11-30,5872,2017,11
61,V40,2017-11-30,6636,2017,11
62,V40 CC,2017-11-30,2072,2017,11
63,V60,2017-11-30,3174,2017,11
64,V60 CC,2017-11-30,1496,2017,11
65,V60 II,2017-11-30,0,2017,11
66,V70 III,2017-11-30,0,2017,11
67,V90,2017-11-30,2585,2017,11
68,V90 CC,2017-11-30,1851,2017,11
69,XC40,2017-11-30,0,2017,11
70,XC60,2017-11-30,5831,2017,11
71,XC60 II,2017-11-30,8899,2017,11
72,XC70 III,2017-11-30,3,2017,11
73,XC90 II,2017-11-30,8415,2017,11
74,S60 CC,2018-10-31,76,2018,10
75,S60 II,2018-10-31,682,2018,10
76,S60L,2018-10-31,1852,2018,10
77,S80 II,2018-10-31,0,2018,10
78,S90,2018-10-31,3977,2018,10
79,V40,2018-10-31,4482,2018,10
80,V40 CC,2018-10-31,1255,2018,10
81,V60,2018-10-31,609,2018,10
82,V60 CC,2018-10-31,352,2018,10
83,V60 II,2018-10-31,3659,2018,10
84,V70 III,2018-10-31,0,2018,10
85,V90,2018-10-31,2115,2018,10
86,V90 CC,2018-10-31,1738,2018,10
87,XC40,2018-10-31,9568,2018,10
88,XC60,2018-10-31,24,2018,10
89,XC60 II,2018-10-31,15824,2018,10
90,XC70 III,2018-10-31,0,2018,10
91,XC90 II,2018-10-31,7296,2018,10
92,S60 CC,2017-10-31,118,2017,10
93,S60 II,2017-10-31,1662,2017,10
94,S60L,2017-10-31,3106,2017,10
95,S80 II,2017-10-31,0,2017,10
96,S90,2017-10-31,5010,2017,10
97,V40,2017-10-31,5782,2017,10
98,V40 CC,2017-10-31,1683,2017,10
99,V60,2017-10-31,2865,2017,10
100,V60 CC,2017-10-31,1185,2017,10
101,V60 II,2017-10-31,0,2017,10
102,V70 III,2017-10-31,1,2017,10
103,V90,2017-10-31,2123,2017,10
104,V90 CC,2017-10-31,1326,2017,10
105,XC40,2017-10-31,0,2017,10
106,XC60,2017-10-31,8049,2017,10
107,XC60 II,2017-10-31,7453,2017,10
108,XC70 III,2017-10-31,7,2017,10
109,XC90 II,2017-10-31,7471,2017,10
110,S60 CC,2018-09-30,80,2018,09
111,S60 II,2018-09-30,865,2018,09
112,S60L,2018-09-30,1993,2018,09
113,S80 II,2018-09-30,0,2018,09
114,S90,2018-09-30,4685,2018,09
115,V40,2018-09-30,6014,2018,09
116,V40 CC,2018-09-30,1748,2018,09
117,V60,2018-09-30,1117,2018,09
118,V60 CC,2018-09-30,633,2018,09
119,V60 II,2018-09-30,3152,2018,09
120,V70 III,2018-09-30,0,2018,09
121,V90,2018-09-30,2205,2018,09
122,V90 CC,2018-09-30,1881,2018,09
123,XC40,2018-09-30,9257,2018,09
124,XC60,2018-09-30,18,2018,09
125,XC60 II,2018-09-30,18594,2018,09
126,XC70 III,2018-09-30,0,2018,09
127,XC90 II,2018-09-30,8380,2018,09
128,S60 CC,2017-09-30,100,2017,09
129,S60 II,2017-09-30,1356,2017,09
130,S60L,2017-09-30,3556,2017,09
131,S80 II,2017-09-30,3,2017,09
132,S90,2017-09-30,4576,2017,09
133,V40,2017-09-30,6522,2017,09
134,V40 CC,2017-09-30,1899,2017,09
135,V60,2017-09-30,2690,2017,09
136,V60 CC,2017-09-30,1186,2017,09
137,V60 II,2017-09-30,0,2017,09
138,V70 III,2017-09-30,1,2017,09
139,V90,2017-09-30,2525,2017,09
140,V90 CC,2017-09-30,1755,2017,09
141,XC40,2017-09-30,0,2017,09
142,XC60,2017-09-30,14391,2017,09
143,XC60 II,2017-09-30,5169,2017,09
144,XC70 III,2017-09-30,8,2017,09
145,XC90 II,2017-09-30,7937,2017,09
146,S60 CC,2018-08-31,78,2018,08
147,S60 II,2018-08-31,918,2018,08
148,S60L,2018-08-31,1666,2018,08
149,S80 II,2018-08-31,0,2018,08
150,S90,2018-08-31,4100,2018,08
151,V40,2018-08-31,3192,2018,08
152,V40 CC,2018-08-31,828,2018,08
153,V60,2018-08-31,1167,2018,08
154,V60 CC,2018-08-31,787,2018,08
155,V60 II,2018-08-31,877,2018,08
156,V70 III,2018-08-31,0,2018,08
157,V90,2018-08-31,1313,2018,08
158,V90 CC,2018-08-31,1375,2018,08
159,XC40,2018-08-31,6540,2018,08
160,XC60,2018-08-31,22,2018,08
161,XC60 II,2018-08-31,13364,2018,08
162,XC70 III,2018-08-31,0,2018,08
163,XC90 II,2018-08-31,7134,2018,08
164,S60 CC,2017-08-31,92,2017,08
165,S60 II,2017-08-31,1015,2017,08
166,S60L,2017-08-31,3024,2017,08
167,S80 II,2017-08-31,11,2017,08
168,S90,2017-08-31,3601,2017,08
169,V40,2017-08-31,3825,2017,08
170,V40 CC,2017-08-31,1107,2017,08
171,V60,2017-08-31,1700,2017,08
172,V60 CC,2017-08-31,836,2017,08
173,V60 II,2017-08-31,0,2017,08
174,V70 III,2017-08-31,0,2017,08
175,V90,2017-08-31,1472,2017,08
176,V90 CC,2017-08-31,1478,2017,08
177,XC40,2017-08-31,0,2017,08
178,XC60,2017-08-31,11743,2017,08
179,XC60 II,2017-08-31,2048,2017,08
180,XC70 III,2017-08-31,1,2017,08
181,XC90 II,2017-08-31,5926,2017,08
182,S60 CC,2018-07-31,95,2018,07
183,S60 II,2018-07-31,1402,2018,07
184,S60L,2018-07-31,1974,2018,07
185,S80 II,2018-07-31,0,2018,07
186,S90,2018-07-31,4072,2018,07
187,V40,2018-07-31,4913,2018,07
188,V40 CC,2018-07-31,1218,2018,07
189,V60,2018-07-31,1609,2018,07
190,V60 CC,2018-07-31,902,2018,07
191,V60 II,2018-07-31,1491,2018,07
192,V70 III,2018-07-31,0,2018,07
193,V90,2018-07-31,1560,2018,07
194,V90 CC,2018-07-31,1268,2018,07
195,XC40,2018-07-31,9005,2018,07
196,XC60,2018-07-31,34,2018,07
197,XC60 II,2018-07-31,14231,2018,07
198,XC70 III,2018-07-31,0,2018,07
199,XC90 II,2018-07-31,7157,2018,07
200,S60 CC,2017-07-31,92,2017,07
201,S60 II,2017-07-31,1213,2017,07
202,S60L,2017-07-31,2709,2017,07
203,S80 II,2017-07-31,0,2017,07
204,S90,2017-07-31,3410,2017,07
205,V40,2017-07-31,5650,2017,07
206,V40 CC,2017-07-31,1559,2017,07
207,V60,2017-07-31,2014,2017,07
208,V60 CC,2017-07-31,1029,2017,07
209,V60 II,2017-07-31,0,2017,07
210,V70 III,2017-07-31,3,2017,07
211,V90,2017-07-31,2089,2017,07
212,V90 CC,2017-07-31,1820,2017,07
213,XC40,2017-07-31,0,2017,07
214,XC60,2017-07-31,13713,2017,07
215,XC60 II,2017-07-31,2427,2017,07
216,XC70 III,2017-07-31,3,2017,07
217,XC90 II,2017-07-31,6547,2017,07
218,S60 CC,2018-06-30,113,2018,06
219,S60 II,2018-06-30,1571,2018,06
220,S60L,2018-06-30,2246,2018,06
221,S80 II,2018-06-30,0,2018,06
222,S90,2018-06-30,5561,2018,06
223,V40,2018-06-30,5397,2018,06
224,V40 CC,2018-06-30,1621,2018,06
225,V60,2018-06-30,3336,2018,06
226,V60 CC,2018-06-30,1477,2018,06
227,V60 II,2018-06-30,1004,2018,06
228,V70 III,2018-06-30,0,2018,06
229,V90,2018-06-30,3593,2018,06
230,V90 CC,2018-06-30,2521,2018,06
231,XC40,2018-06-30,6538,2018,06
232,XC60,2018-06-30,70,2018,06
233,XC60 II,2018-06-30,19534,2018,06
234,XC70 III,2018-06-30,0,2018,06
235,XC90 II,2018-06-30,9476,2018,06
236,S60 CC,2017-06-30,87,2017,06
237,S60 II,2017-06-30,1763,2017,06
238,S60L,2017-06-30,3265,2017,06
239,S80 II,2017-06-30,0,2017,06
240,S90,2017-06-30,3455,2017,06
241,V40,2017-06-30,7191,2017,06
242,V40 CC,2017-06-30,2243,2017,06
243,V60,2017-06-30,2978,2017,06
244,V60 CC,2017-06-30,1533,2017,06
245,V60 II,2017-06-30,0,2017,06
246,V70 III,2017-06-30,1,2017,06
247,V90,2017-06-30,3767,2017,06
248,V90 CC,2017-06-30,2401,2017,06
249,XC40,2017-06-30,0,2017,06
250,XC60,2017-06-30,16905,2017,06
251,XC60 II,2017-06-30,781,2017,06
252,XC70 III,2017-06-30,9,2017,06
253,XC90 II,2017-06-30,7972,2017,06
254,Other,2018-05-31,95,2018,05
255,S60 CC,2018-05-31,69,2018,05
256,S60 II,2018-05-31,1494,2018,05
257,S60L,2018-05-31,2515,2018,05
258,S80 II,2018-05-31,0,2018,05
259,S90,2018-05-31,4851,2018,05
260,V40,2018-05-31,4477,2018,05
261,V40 CC,2018-05-31,1367,2018,05
262,V60,2018-05-31,2771,2018,05
263,V60 CC,2018-05-31,1529,2018,05
264,V70 III,2018-05-31,0,2018,05
265,V90,2018-05-31,2698,2018,05
266,V90 CC,2018-05-31,1939,2018,05
267,XC40,2018-05-31,5413,2018,05
268,XC60,2018-05-31,171,2018,05
269,XC60 II,2018-05-31,16171,2018,05
270,XC70 III,2018-05-31,0,2018,05
271,XC90 II,2018-05-31,7979,2018,05
272,Other,2017-05-31,0,2017,05
273,S60 CC,2017-05-31,120,2017,05
274,S60 II,2017-05-31,1551,2017,05
275,S60L,2017-05-31,2841,2017,05
276,S80 II,2017-05-31,0,2017,05
277,S90,2017-05-31,3172,2017,05
278,V40,2017-05-31,6209,2017,05
279,V40 CC,2017-05-31,1788,2017,05
280,V60,2017-05-31,2861,2017,05
281,V60 CC,2017-05-31,1563,2017,05
282,V70 III,2017-05-31,6,2017,05
283,V90,2017-05-31,2954,2017,05
284,V90 CC,2017-05-31,1843,2017,05
285,XC40,2017-05-31,0,2017,05
286,XC60,2017-05-31,15639,2017,05
287,XC60 II,2017-05-31,48,2017,05
288,XC70 III,2017-05-31,5,2017,05
289,XC90 II,2017-05-31,6647,2017,05
290,S60 CC,2018-04-30,64,2018,04
291,S60 II,2018-04-30,1651,2018,04
292,S60L,2018-04-30,2284,2018,04
293,S80 II,2018-04-30,0,2018,04
294,S90,2018-04-30,4847,2018,04
295,V40,2018-04-30,4976,2018,04
296,V40 CC,2018-04-30,1543,2018,04
297,V60,2018-04-30,2886,2018,04
298,V60 CC,2018-04-30,1544,2018,04
299,V70 III,2018-04-30,0,2018,04
300,V90,2018-04-30,3081,2018,04
301,V90 CC,2018-04-30,1911,2018,04
302,XC40,2018-04-30,5554,2018,04
303,XC60,2018-04-30,213,2018,04
304,XC60 II,2018-04-30,14840,2018,04
305,XC70 III,2018-04-30,0,2018,04
306,XC90 II,2018-04-30,7241,2018,04
307,S60 CC,2017-04-30,167,2017,04
308,S60 II,2017-04-30,1580,2017,04
309,S60L,2017-04-30,2474,2017,04
310,S80 II,2017-04-30,2,2017,04
311,S90,2017-04-30,3391,2017,04
312,V40,2017-04-30,5690,2017,04
313,V40 CC,2017-04-30,1887,2017,04
314,V60,2017-04-30,3569,2017,04
315,V60 CC,2017-04-30,1635,2017,04
316,V70 III,2017-04-30,14,2017,04
317,V90,2017-04-30,2896,2017,04
318,V90 CC,2017-04-30,1734,2017,04
319,XC40,2017-04-30,0,2017,04
320,XC60,2017-04-30,15434,2017,04
321,XC60 II,2017-04-30,0,2017,04
322,XC70 III,2017-04-30,25,2017,04
323,XC90 II,2017-04-30,6397,2017,04
324,S60 CC,2018-03-31,107,2018,03
325,S60 II,2018-03-31,2153,2018,03
326,S60L,2018-03-31,2324,2018,03
327,S80 II,2018-03-31,0,2018,03
328,S90,2018-03-31,5832,2018,03
329,V40,2018-03-31,8081,2018,03
330,V40 CC,2018-03-31,1974,2018,03
331,V60,2018-03-31,3669,2018,03
332,V60 CC,2018-03-31,1596,2018,03
333,V70 III,2018-03-31,0,2018,03
334,V90,2018-03-31,4639,2018,03
335,V90 CC,2018-03-31,2165,2018,03
336,XC40,2018-03-31,4261,2018,03
337,XC60,2018-03-31,377,2018,03
338,XC60 II,2018-03-31,16277,2018,03
339,XC70 III,2018-03-31,0,2018,03
340,XC90 II,2018-03-31,9583,2018,03
341,S60 CC,2017-03-31,167,2017,03
342,S60 II,2017-03-31,2013,2017,03
343,S60L,2017-03-31,3089,2017,03
344,S80 II,2017-03-31,0,2017,03
345,S90,2017-03-31,3344,2017,03
346,V40,2017-03-31,9148,2017,03
347,V40 CC,2017-03-31,2304,2017,03
348,V60,2017-03-31,4286,2017,03
349,V60 CC,2017-03-31,1847,2017,03
350,V70 III,2017-03-31,22,2017,03
351,V90,2017-03-31,3164,2017,03
352,V90 CC,2017-03-31,1673,2017,03
353,XC40,2017-03-31,0,2017,03
354,XC60,2017-03-31,18420,2017,03
355,XC60 II,2017-03-31,0,2017,03
356,XC70 III,2017-03-31,20,2017,03
357,XC90 II,2017-03-31,7661,2017,03
358,S60 CC,2018-02-28,89,2018,02
359,S60 II,2018-02-28,1179,2018,02
360,S60L,2018-02-28,1759,2018,02
361,S80 II,2018-02-28,0,2018,02
362,S90,2018-02-28,3829,2018,02
363,V40,2018-02-28,4722,2018,02
364,V40 CC,2018-02-28,1387,2018,02
365,V60,2018-02-28,2824,2018,02
366,V60 CC,2018-02-28,1232,2018,02
367,V70 III,2018-02-28,0,2018,02
368,V90,2018-02-28,3305,2018,02
369,V90 CC,2018-02-28,1724,2018,02
370,XC40,2018-02-28,1580,2018,02
371,XC60,2018-02-28,384,2018,02
372,XC60 II,2018-02-28,10308,2018,02
373,XC70 III,2018-02-28,0,2018,02
374,XC90 II,2018-02-28,6607,2018,02
375,S60 CC,2017-02-28,85,2017,02
376,S60 II,2017-02-28,1479,2017,02
377,S60L,2017-02-28,1968,2017,02
378,S80 II,2017-02-28,6,2017,02
379,S90,2017-02-28,2141,2017,02
380,V40,2017-02-28,5075,2017,02
381,V40 CC,2017-02-28,1334,2017,02
382,V60,2017-02-28,2975,2017,02
383,V60 CC,2017-02-28,1269,2017,02
384,V70 III,2017-02-28,40,2017,02
385,V90,2017-02-28,2879,2017,02
386,V90 CC,2017-02-28,835,2017,02
387,XC40,2017-02-28,0,2017,02
388,XC60,2017-02-28,11393,2017,02
389,XC60 II,2017-02-28,0,2017,02
390,XC70 III,2017-02-28,36,2017,02
391,XC90 II,2017-02-28,5000,2017,02
392,S60 CC,2018-01-31,108,2018,01
393,S60 II,2018-01-31,1370,2018,01
394,S60L,2018-01-31,2710,2018,01
395,S80 II,2018-01-31,0,2018,01
396,S90,2018-01-31,6057,2018,01
397,V40,2018-01-31,4809,2018,01
398,V40 CC,2018-01-31,1234,2018,01
399,V60,2018-01-31,2527,2018,01
400,V60 CC,2018-01-31,1145,2018,01
401,V70 III,2018-01-31,0,2018,01
402,V90,2018-01-31,2380,2018,01
403,V90 CC,2018-01-31,1494,2018,01
404,XC40,2018-01-31,395,2018,01
405,XC60,2018-01-31,782,2018,01
406,XC60 II,2018-01-31,11656,2018,01
407,XC70 III,2018-01-31,0,2018,01
408,XC90 II,2018-01-31,6772,2018,01
409,S60 CC,2017-01-31,85,2017,01
410,S60 II,2017-01-31,1333,2017,01
411,S60L,2017-01-31,2104,2017,01
412,S80 II,2017-01-31,3,2017,01
413,S90,2017-01-31,1843,2017,01
414,V40,2017-01-31,4367,2017,01
415,V40 CC,2017-01-31,1318,2017,01
416,V60,2017-01-31,2805,2017,01
417,V60 CC,2017-01-31,1164,2017,01
418,V70 III,2017-01-31,38,2017,01
419,V90,2017-01-31,2275,2017,01
420,V90 CC,2017-01-31,229,2017,01
421,XC40,2017-01-31,0,2017,01
422,XC60,2017-01-31,11330,2017,01
423,XC60 II,2017-01-31,0,2017,01
424,XC70 III,2017-01-31,72,2017,01
425,XC90 II,2017-01-31,6509,2017,01
426,C70 II,2016-12-31,0,2016,12
427,S40 II,2016-12-31,0,2016,12
428,S60 CC,2016-12-31,169,2016,12
429,S60 II,2016-12-31,2539,2016,12
430,S60L,2016-12-31,4438,2016,12
431,S80 II,2016-12-31,49,2016,12
432,S80L,2016-12-31,16,2016,12
433,S90,2016-12-31,2050,2016,12
434,V40,2016-12-31,9123,2016,12
435,V40 CC,2016-12-31,2500,2016,12
436,V60,2016-12-31,5422,2016,12
437,V60 CC,2016-12-31,2015,2016,12
438,V70 III,2016-12-31,524,2016,12
439,V90,2016-12-31,2461,2016,12
440,V90 CC,2016-12-31,37,2016,12
441,XC60,2016-12-31,18987,2016,12
442,XC70 III,2016-12-31,404,2016,12
443,XC90,2016-12-31,0,2016,12
444,XC90 II,2016-12-31,10070,2016,12
445,C70 II,2015-12-31,0,2015,12
446,S40 II,2015-12-31,0,2015,12
447,S60 CC,2015-12-31,273,2015,12
448,S60 II,2015-12-31,2746,2015,12
449,S60L,2015-12-31,4035,2015,12
450,S80 II,2015-12-31,648,2015,12
451,S80L,2015-12-31,633,2015,12
452,S90,2015-12-31,0,2015,12
453,V40,2015-12-31,10471,2015,12
454,V40 CC,2015-12-31,2600,2015,12
455,V60,2015-12-31,5637,2015,12
456,V60 CC,2015-12-31,1907,2015,12
457,V70 III,2015-12-31,3214,2015,12
458,V90,2015-12-31,0,2015,12
459,V90 CC,2015-12-31,0,2015,12
460,XC60,2015-12-31,17264,2015,12
461,XC70 III,2015-12-31,3155,2015,12
462,XC90,2015-12-31,365,2015,12
463,XC90 II,2015-12-31,9177,2015,12
464,C70 II,2016-11-30,0,2016,11
465,S40 II,2016-11-30,0,2016,11
466,S60 CC,2016-11-30,130,2016,11
467,S60 II,2016-11-30,1981,2016,11
468,S60L,2016-11-30,3594,2016,11
469,S80 II,2016-11-30,107,2016,11
470,S80L,2016-11-30,0,2016,11
471,S90,2016-11-30,1590,2016,11
472,V40,2016-11-30,7167,2016,11
473,V40 CC,2016-11-30,1903,2016,11
474,V60,2016-11-30,4478,2016,11
475,V60 CC,2016-11-30,1883,2016,11
476,V70 III,2016-11-30,196,2016,11
477,V90,2016-11-30,1684,2016,11
478,XC60,2016-11-30,15610,2016,11
479,XC70 III,2016-11-30,560,2016,11
480,XC90,2016-11-30,0,2016,11
481,XC90 II,2016-11-30,7872,2016,11
482,C70 II,2015-11-30,0,2015,11
483,S40 II,2015-11-30,0,2015,11
484,S60 CC,2015-11-30,129,2015,11
485,S60 II,2015-11-30,2260,2015,11
486,S60L,2015-11-30,3047,2015,11
487,S80 II,2015-11-30,865,2015,11
488,S80L,2015-11-30,668,2015,11
489,S90,2015-11-30,0,2015,11
490,V40,2015-11-30,7765,2015,11
491,V40 CC,2015-11-30,1891,2015,11
492,V60,2015-11-30,4262,2015,11
493,V60 CC,2015-11-30,1380,2015,11
494,V70 III,2015-11-30,2573,2015,11
495,V90,2015-11-30,0,2015,11
496,XC60,2015-11-30,13988,2015,11
497,XC70 III,2015-11-30,2903,2015,11
498,XC90,2015-11-30,533,2015,11
499,XC90 II,2015-11-30,6792,2015,11
500,C70 II,2016-10-31,0,2016,10
501,S40 II,2016-10-31,0,2016,10
502,S60 CC,2016-10-31,173,2016,10
503,S60 II,2016-10-31,1870,2016,10
504,S60L,2016-10-31,3300,2016,10
505,S80 II,2016-10-31,58,2016,10
506,S80L,2016-10-31,0,2016,10
507,S90,2016-10-31,1149,2016,10
508,V40,2016-10-31,7054,2016,10
509,V40 CC,2016-10-31,1843,2016,10
510,V60,2016-10-31,3580,2016,10
511,V60 CC,2016-10-31,1474,2016,10
512,V70 III,2016-10-31,265,2016,10
513,V90,2016-10-31,2214,2016,10
514,XC60,2016-10-31,14558,2016,10
515,XC70 III,2016-10-31,673,2016,10
516,XC90,2016-10-31,0,2016,10
517,XC90 II,2016-10-31,7231,2016,10
518,C70 II,2015-10-31,0,2015,10
519,S40 II,2015-10-31,0,2015,10
520,S60 CC,2015-10-31,147,2015,10
521,S60 II,2015-10-31,2624,2015,10
522,S60L,2015-10-31,2728,2015,10
523,S80 II,2015-10-31,595,2015,10
524,S80L,2015-10-31,341,2015,10
525,S90,2015-10-31,0,2015,10
526,V40,2015-10-31,6611,2015,10
527,V40 CC,2015-10-31,1796,2015,10
528,V60,2015-10-31,4294,2015,10
529,V60 CC,2015-10-31,1788,2015,10
530,V70 III,2015-10-31,2710,2015,10
531,V90,2015-10-31,0,2015,10
532,XC60,2015-10-31,12645,2015,10
533,XC70 III,2015-10-31,3013,2015,10
534,XC90,2015-10-31,78,2015,10
535,XC90 II,2015-10-31,6430,2015,10
536,C70 II,2016-09-30,0,2016,09
537,S60 CC,2016-09-30,152,2016,09
538,S60 II,2016-09-30,1737,2016,09
539,S60L,2016-09-30,3976,2016,09
540,S80 II,2016-09-30,125,2016,09
541,S80L,2016-09-30,0,2016,09
542,S90,2016-09-30,970,2016,09
543,V40,2016-09-30,8295,2016,09
544,V40 CC,2016-09-30,2046,2016,09
545,V60,2016-09-30,3464,2016,09
546,V60 CC,2016-09-30,1541,2016,09
547,V70 III,2016-09-30,440,2016,09
548,V90,2016-09-30,953,2016,09
549,XC60,2016-09-30,15551,2016,09
550,XC70 III,2016-09-30,1153,2016,09
551,XC90,2016-09-30,0,2016,09
552,XC90 II,2016-09-30,7856,2016,09
553,C70 II,2015-09-30,1,2015,09
554,S60 CC,2015-09-30,106,2015,09
555,S60 II,2015-09-30,2506,2015,09
556,S60L,2015-09-30,2594,2015,09
557,S80 II,2015-09-30,451,2015,09
558,S80L,2015-09-30,140,2015,09
559,S90,2015-09-30,0,2015,09
560,V40,2015-09-30,8291,2015,09
561,V40 CC,2015-09-30,2207,2015,09
562,V60,2015-09-30,3863,2015,09
563,V60 CC,2015-09-30,1235,2015,09
564,V70 III,2015-09-30,2342,2015,09
565,V90,2015-09-30,0,2015,09
566,XC60,2015-09-30,15126,2015,09
567,XC70 III,2015-09-30,2312,2015,09
568,XC90,2015-09-30,182,2015,09
569,XC90 II,2015-09-30,4183,2015,09
570,C70 I,2016-08-31,0,2016,08
571,C70 II,2016-08-31,0,2016,08
572,S40 II,2016-08-31,0,2016,08
573,S60 CC,2016-08-31,157,2016,08
574,S60 II,2016-08-31,1579,2016,08
575,S60L,2016-08-31,2890,2016,08
576,S80 II,2016-08-31,198,2016,08
577,S80L,2016-08-31,0,2016,08
578,S90,2016-08-31,552,2016,08
579,V40,2016-08-31,3966,2016,08
580,V40 CC,2016-08-31,978,2016,08
581,V60,2016-08-31,2201,2016,08
582,V60 CC,2016-08-31,1172,2016,08
583,V70 III,2016-08-31,586,2016,08
584,V90,2016-08-31,246,2016,08
585,XC60,2016-08-31,9946,2016,08
586,XC70 III,2016-08-31,1674,2016,08
587,XC90,2016-08-31,0,2016,08
588,XC90 II,2016-08-31,6681,2016,08
589,C70 I,2015-08-31,0,2015,08
590,C70 II,2015-08-31,0,2015,08
591,S40 II,2015-08-31,0,2015,08
592,S60 CC,2015-08-31,93,2015,08
593,S60 II,2015-08-31,2730,2015,08
594,S60L,2015-08-31,1744,2015,08
595,S80 II,2015-08-31,315,2015,08
596,S80L,2015-08-31,195,2015,08
597,S90,2015-08-31,0,2015,08
598,V40,2015-08-31,5014,2015,08
599,V40 CC,2015-08-31,1380,2015,08
600,V60,2015-08-31,2282,2015,08
601,V60 CC,2015-08-31,844,2015,08
602,V70 III,2015-08-31,1649,2015,08
603,V90,2015-08-31,0,2015,08
604,XC60,2015-08-31,9595,2015,08
605,XC70 III,2015-08-31,1438,2015,08
606,XC90,2015-08-31,129,2015,08
607,XC90 II,2015-08-31,2787,2015,08
608,C70 II,2016-07-31,0,2016,07
609,S40 II,2016-07-31,0,2016,07
610,S60 CC,2016-07-31,122,2016,07
611,S60 II,2016-07-31,2684,2016,07
612,S60L,2016-07-31,2630,2016,07
613,S80 II,2016-07-31,227,2016,07
614,S80L,2016-07-31,0,2016,07
615,S90,2016-07-31,885,2016,07
616,V40,2016-07-31,6270,2016,07
617,V40 CC,2016-07-31,1565,2016,07
618,V60,2016-07-31,2957,2016,07
619,V60 CC,2016-07-31,1357,2016,07
620,V70 III,2016-07-31,618,2016,07
621,V90,2016-07-31,79,2016,07
622,XC60,2016-07-31,12623,2016,07
623,XC70 III,2016-07-31,1762,2016,07
624,XC90,2016-07-31,3,2016,07
625,XC90 II,2016-07-31,7899,2016,07
626,C70 II,2015-07-31,1,2015,07
627,S40 II,2015-07-31,0,2015,07
628,S60 CC,2015-07-31,16,2015,07
629,S60 II,2015-07-31,2743,2015,07
630,S60L,2015-07-31,1790,2015,07
631,S80 II,2015-07-31,396,2015,07
632,S80L,2015-07-31,163,2015,07
633,S90,2015-07-31,0,2015,07
634,V40,2015-07-31,5566,2015,07
635,V40 CC,2015-07-31,1532,2015,07
636,V60,2015-07-31,3508,2015,07
637,V60 CC,2015-07-31,838,2015,07
638,V70 III,2015-07-31,1926,2015,07
639,V90,2015-07-31,0,2015,07
640,XC60,2015-07-31,12933,2015,07
641,XC70 III,2015-07-31,2098,2015,07
642,XC90,2015-07-31,85,2015,07
643,XC90 II,2015-07-31,4533,2015,07
644,C70 II,2016-06-30,0,2016,06
645,S40 II,2016-06-30,0,2016,06
646,S60 CC,2016-06-30,206,2016,06
647,S60 II,2016-06-30,2687,2016,06
648,S60L,2016-06-30,3420,2016,06
649,S80 II,2016-06-30,335,2016,06
650,S80L,2016-06-30,0,2016,06
651,S90,2016-06-30,161,2016,06
652,V40,2016-06-30,8110,2016,06
653,V40 CC,2016-06-30,2032,2016,06
654,V60,2016-06-30,4385,2016,06
655,V60 CC,2016-06-30,1900,2016,06
656,V70 III,2016-06-30,1212,2016,06
657,XC60,2016-06-30,15536,2016,06
658,XC70 III,2016-06-30,3167,2016,06
659,XC90,2016-06-30,0,2016,06
660,XC90 II,2016-06-30,8280,2016,06
661,C70 II,2015-06-30,0,2015,06
662,S40 II,2015-06-30,0,2015,06
663,S60 CC,2015-06-30,0,2015,06
664,S60 II,2015-06-30,3529,2015,06
665,S60L,2015-06-30,2185,2015,06
666,S80 II,2015-06-30,721,2015,06
667,S80L,2015-06-30,185,2015,06
668,S90,2015-06-30,0,2015,06
669,V40,2015-06-30,7488,2015,06
670,V40 CC,2015-06-30,2143,2015,06
671,V60,2015-06-30,4548,2015,06
672,V60 CC,2015-06-30,894,2015,06
673,V70 III,2015-06-30,2633,2015,06
674,XC60,2015-06-30,14987,2015,06
675,XC70 III,2015-06-30,2438,2015,06
676,XC90,2015-06-30,131,2015,06
677,XC90 II,2015-06-30,4638,2015,06
678,C70 I,2016-05-31,0,2016,05
679,C70 II,2016-05-31,0,2016,05
680,S40 II,2016-05-31,0,2016,05
681,S60 CC,2016-05-31,173,2016,05
682,S60 II,2016-05-31,2115,2016,05
683,S60L,2016-05-31,2372,2016,05
684,S80 II,2016-05-31,416,2016,05
685,S80L,2016-05-31,0,2016,05
686,S90,2016-05-31,26,2016,05
687,V40,2016-05-31,6105,2016,05
688,V40 CC,2016-05-31,1728,2016,05
689,V60,2016-05-31,3623,2016,05
690,V60 CC,2016-05-31,1396,2016,05
691,V70 III,2016-05-31,2024,2016,05
692,XC60,2016-05-31,12029,2016,05
693,XC70 III,2016-05-31,3382,2016,05
694,XC90,2016-05-31,4,2016,05
695,XC90 II,2016-05-31,6714,2016,05
696,C70 I,2015-05-31,0,2015,05
697,C70 II,2015-05-31,0,2015,05
698,S40 II,2015-05-31,0,2015,05
699,S60 CC,2015-05-31,0,2015,05
700,S60 II,2015-05-31,3485,2015,05
701,S60L,2015-05-31,2129,2015,05
702,S80 II,2015-05-31,572,2015,05
703,S80L,2015-05-31,175,2015,05
704,S90,2015-05-31,0,2015,05
705,V40,2015-05-31,6923,2015,05
706,V40 CC,2015-05-31,1915,2015,05
707,V60,2015-05-31,4579,2015,05
708,V60 CC,2015-05-31,418,2015,05
709,V70 III,2015-05-31,2276,2015,05
710,XC60,2015-05-31,13183,2015,05
711,XC70 III,2015-05-31,2432,2015,05
712,XC90,2015-05-31,133,2015,05
713,XC90 II,2015-05-31,1699,2015,05
714,C70 II,2016-04-30,1,2016,04
715,S40 II,2016-04-30,1,2016,04
716,S60 CC,2016-04-30,153,2016,04
717,S60 II,2016-04-30,1756,2016,04
718,S60L,2016-04-30,2192,2016,04
719,S80 II,2016-04-30,420,2016,04
720,S80L,2016-04-30,0,2016,04
721,V40,2016-04-30,5766,2016,04
722,V40 CC,2016-04-30,1599,2016,04
723,V60,2016-04-30,3086,2016,04
724,V60 CC,2016-04-30,1488,2016,04
725,V70 III,2016-04-30,2628,2016,04
726,XC60,2016-04-30,11937,2016,04
727,XC70 III,2016-04-30,3271,2016,04
728,XC90,2016-04-30,34,2016,04
729,XC90 II,2016-04-30,8102,2016,04
730,C70 II,2015-04-30,2,2015,04
731,S40 II,2015-04-30,0,2015,04
732,S60 CC,2015-04-30,0,2015,04
733,S60 II,2015-04-30,3145,2015,04
734,S60L,2015-04-30,1944,2015,04
735,S80 II,2015-04-30,612,2015,04
736,S80L,2015-04-30,321,2015,04
737,V40,2015-04-30,6239,2015,04
738,V40 CC,2015-04-30,1811,2015,04
739,V60,2015-04-30,4711,2015,04
740,V60 CC,2015-04-30,349,2015,04
741,V70 III,2015-04-30,2386,2015,04
742,XC60,2015-04-30,13187,2015,04
743,XC70 III,2015-04-30,2825,2015,04
744,XC90,2015-04-30,211,2015,04
745,XC90 II,2015-04-30,381,2015,04
746,C30,2016-03-31,0,2016,03
747,C70 II,2016-03-31,0,2016,03
748,S60 CC,2016-03-31,197,2016,03
749,S60 II,2016-03-31,2311,2016,03
750,S60L,2016-03-31,2872,2016,03
751,S80 II,2016-03-31,538,2016,03
752,S80L,2016-03-31,2,2016,03
753,V40,2016-03-31,8560,2016,03
754,V40 CC,2016-03-31,2405,2016,03
755,V60,2016-03-31,4130,2016,03
756,V60 CC,2016-03-31,1726,2016,03
757,V70 III,2016-03-31,2795,2016,03
758,XC60,2016-03-31,14676,2016,03
759,XC70 III,2016-03-31,3380,2016,03
760,XC90,2016-03-31,146,2016,03
761,XC90 II,2016-03-31,8541,2016,03
762,C30,2015-03-31,5,2015,03
763,C70 II,2015-03-31,2,2015,03
764,S60 CC,2015-03-31,0,2015,03
765,S60 II,2015-03-31,4409,2015,03
766,S60L,2015-03-31,1925,2015,03
767,S80 II,2015-03-31,570,2015,03
768,S80L,2015-03-31,261,2015,03
769,V40,2015-03-31,8898,2015,03
770,V40 CC,2015-03-31,2687,2015,03
771,V60,2015-03-31,5621,2015,03
772,V60 CC,2015-03-31,253,2015,03
773,V70 III,2015-03-31,2648,2015,03
774,XC60,2015-03-31,15925,2015,03
775,XC70 III,2015-03-31,3468,2015,03
776,XC90,2015-03-31,214,2015,03
777,XC90 II,2015-03-31,1,2015,03
778,C70 II,2016-02-29,0,2016,02
779,S60 CC,2016-02-29,117,2016,02
780,S60 II,2016-02-29,1609,2016,02
781,S60L,2016-02-29,1606,2016,02
782,S80 II,2016-02-29,320,2016,02
783,S80L,2016-02-29,8,2016,02
784,V40,2016-02-29,4813,2016,02
785,V40 CC,2016-02-29,1387,2016,02
786,V60,2016-02-29,2632,2016,02
787,V60 CC,2016-02-29,1366,2016,02
788,V70 III,2016-02-29,2096,2016,02
789,XC60,2016-02-29,9425,2016,02
790,XC70 III,2016-02-29,2495,2016,02
791,XC90,2016-02-29,622,2016,02
792,XC90 II,2016-02-29,6055,2016,02
793,C70 II,2015-02-28,0,2015,02
794,S60 CC,2015-02-28,0,2015,02
795,S60 II,2015-02-28,2698,2015,02
796,S60L,2015-02-28,1560,2015,02
797,S80 II,2015-02-28,439,2015,02
798,S80L,2015-02-28,166,2015,02
799,V40,2015-02-28,4620,2015,02
800,V40 CC,2015-02-28,1793,2015,02
801,V60,2015-02-28,4066,2015,02
802,V60 CC,2015-02-28,73,2015,02
803,V70 III,2015-02-28,1891,2015,02
804,XC60,2015-02-28,10381,2015,02
805,XC70 III,2015-02-28,2084,2015,02
806,XC90,2015-02-28,214,2015,02
807,XC90 II,2015-02-28,0,2015,02
808,C70 II,2016-01-31,0,2016,01
809,S60 CC,2016-01-31,149,2016,01
810,S60 II,2016-01-31,1591,2016,01
811,S60L,2016-01-31,2295,2016,01
812,S80 II,2016-01-31,315,2016,01
813,S80L,2016-01-31,37,2016,01
814,V40,2016-01-31,4870,2016,01
815,V40 CC,2016-01-31,1295,2016,01
816,V60,2016-01-31,2278,2016,01
817,V60 CC,2016-01-31,1083,2016,01
818,V70 III,2016-01-31,1504,2016,01
819,XC60,2016-01-31,10213,2016,01
820,XC70 III,2016-01-31,1793,2016,01
821,XC90,2016-01-31,118,2016,01
822,XC90 II,2016-01-31,6219,2016,01
823,C70 II,2015-01-31,6,2015,01
824,S60 CC,2015-01-31,0,2015,01
825,S60 II,2015-01-31,3089,2015,01
826,S60L,2015-01-31,1671,2015,01
827,S80 II,2015-01-31,577,2015,01
828,S80L,2015-01-31,321,2015,01
829,V40,2015-01-31,5471,2015,01
830,V40 CC,2015-01-31,1519,2015,01
831,V60,2015-01-31,3961,2015,01
832,V60 CC,2015-01-31,28,2015,01
833,V70 III,2015-01-31,1593,2015,01
834,XC60,2015-01-31,10403,2015,01
835,XC70 III,2015-01-31,2009,2015,01
836,XC90,2015-01-31,206,2015,01
837,XC90 II,2015-01-31,0,2015,01
838,C30,2014-12-31,1,2014,12
839,C70 II,2014-12-31,1,2014,12
840,S40 II,2014-12-31,1,2014,12
841,S60 II,2014-12-31,4029,2014,12
842,S60L,2014-12-31,3284,2014,12
843,S80 II,2014-12-31,648,2014,12
844,S80L,2014-12-31,458,2014,12
845,V40,2014-12-31,9587,2014,12
846,V40 CC,2014-12-31,2623,2014,12
847,V50,2014-12-31,3,2014,12
848,V60,2014-12-31,5677,2014,12
849,V70 III,2014-12-31,2676,2014,12
850,XC60,2014-12-31,14429,2014,12
851,XC70 III,2014-12-31,3151,2014,12
852,XC90,2014-12-31,477,2014,12
853,C30,2013-12-31,57,2013,12
854,C70 II,2013-12-31,310,2013,12
855,S40 II,2013-12-31,1,2013,12
856,S60 II,2013-12-31,4720,2013,12
857,S60L,2013-12-31,67,2013,12
858,S80 II,2013-12-31,735,2013,12
859,S80L,2013-12-31,401,2013,12
860,V40,2013-12-31,8093,2013,12
861,V40 CC,2013-12-31,2468,2013,12
862,V50,2013-12-31,2,2013,12
863,V60,2013-12-31,6042,2013,12
864,V70 III,2013-12-31,2304,2013,12
865,XC60,2013-12-31,12308,2013,12
866,XC70 III,2013-12-31,2882,2013,12
867,XC90,2013-12-31,2661,2013,12
868,C30,2014-11-30,0,2014,11
869,C70 II,2014-11-30,2,2014,11
870,S40 II,2014-11-30,0,2014,11
871,S60 II,2014-11-30,2927,2014,11
872,S60L,2014-11-30,2520,2014,11
873,S80 II,2014-11-30,721,2014,11
874,S80L,2014-11-30,355,2014,11
875,V40,2014-11-30,7328,2014,11
876,V40 CC,2014-11-30,2263,2014,11
877,V50,2014-11-30,0,2014,11
878,V60,2014-11-30,4773,2014,11
879,V70 III,2014-11-30,2497,2014,11
880,XC60,2014-11-30,12360,2014,11
881,XC70 III,2014-11-30,2714,2014,11
882,XC90,2014-11-30,481,2014,11
883,C30,2013-11-30,93,2013,11
884,C70 II,2013-11-30,268,2013,11
885,S40 II,2013-11-30,0,2013,11
886,S60 II,2013-11-30,4528,2013,11
887,S60L,2013-11-30,0,2013,11
888,S80 II,2013-11-30,680,2013,11
889,S80L,2013-11-30,288,2013,11
890,V40,2013-11-30,7553,2013,11
891,V40 CC,2013-11-30,2242,2013,11
892,V50,2013-11-30,9,2013,11
893,V60,2013-11-30,5350,2013,11
894,V70 III,2013-11-30,2409,2013,11
895,XC60,2013-11-30,10119,2013,11
896,XC70 III,2013-11-30,2349,2013,11
897,XC90,2013-11-30,2057,2013,11
898,C30,2014-10-31,10,2014,10
899,C70 II,2014-10-31,1,2014,10
900,S40 II,2014-10-31,2,2014,10
901,S60 II,2014-10-31,3155,2014,10
902,S60L,2014-10-31,2414,2014,10
903,S80 II,2014-10-31,672,2014,10
904,S80L,2014-10-31,366,2014,10
905,V40,2014-10-31,7560,2014,10
906,V40 CC,2014-10-31,2421,2014,10
907,V50,2014-10-31,0,2014,10
908,V60,2014-10-31,5977,2014,10
909,V70 III,2014-10-31,2754,2014,10
910,XC60,2014-10-31,11895,2014,10
911,XC70 III,2014-10-31,2614,2014,10
912,XC90,2014-10-31,839,2014,10
913,C30,2013-10-31,105,2013,10
914,C70 II,2013-10-31,349,2013,10
915,S40 II,2013-10-31,2,2013,10
916,S60 II,2013-10-31,4073,2013,10
917,S60L,2013-10-31,0,2013,10
918,S80 II,2013-10-31,669,2013,10
919,S80L,2013-10-31,157,2013,10
920,V40,2013-10-31,7259,2013,10
921,V40 CC,2013-10-31,2230,2013,10
922,V50,2013-10-31,2,2013,10
923,V60,2013-10-31,5170,2013,10
924,V70 III,2013-10-31,2323,2013,10
925,XC60,2013-10-31,9954,2013,10
926,XC70 III,2013-10-31,2079,2013,10
927,XC90,2013-10-31,1755,2013,10
928,C30,2014-09-30,2,2014,09
929,C70 II,2014-09-30,8,2014,09
930,S40 II,2014-09-30,0,2014,09
931,S60 II,2014-09-30,3866,2014,09
932,S60L,2014-09-30,2551,2014,09
933,S80 II,2014-09-30,710,2014,09
934,S80L,2014-09-30,384,2014,09
935,V40,2014-09-30,8850,2014,09
936,V40 CC,2014-09-30,2541,2014,09
937,V50,2014-09-30,0,2014,09
938,V60,2014-09-30,5921,2014,09
939,V70 III,2014-09-30,2546,2014,09
940,XC60,2014-09-30,12970,2014,09
941,XC70 III,2014-09-30,2689,2014,09
942,XC90,2014-09-30,1453,2014,09
943,C30,2013-09-30,180,2013,09
944,C70 II,2013-09-30,343,2013,09
945,S40 II,2013-09-30,5,2013,09
946,S60 II,2013-09-30,5165,2013,09
947,S60L,2013-09-30,0,2013,09
948,S80 II,2013-09-30,781,2013,09
949,S80L,2013-09-30,153,2013,09
950,V40,2013-09-30,8220,2013,09
951,V40 CC,2013-09-30,2463,2013,09
952,V50,2013-09-30,4,2013,09
953,V60,2013-09-30,5969,2013,09
954,V70 III,2013-09-30,2493,2013,09
955,XC60,2013-09-30,10757,2013,09
956,XC70 III,2013-09-30,2367,2013,09
957,XC90,2013-09-30,2052,2013,09
958,C30,2014-08-31,2,2014,08
959,C70 II,2014-08-31,14,2014,08
960,S40 II,2014-08-31,1,2014,08
961,S60 II,2014-08-31,3143,2014,08
962,S60L,2014-08-31,2108,2014,08
963,S80 II,2014-08-31,458,2014,08
964,S80L,2014-08-31,346,2014,08
965,V40,2014-08-31,4775,2014,08
966,V40 CC,2014-08-31,1437,2014,08
967,V50,2014-08-31,0,2014,08
968,V60,2014-08-31,3584,2014,08
969,V70 III,2014-08-31,1597,2014,08
970,XC60,2014-08-31,8695,2014,08
971,XC70 III,2014-08-31,1742,2014,08
972,XC90,2014-08-31,1355,2014,08
973,C30,2013-08-31,172,2013,08
974,C70 II,2013-08-31,708,2013,08
975,S40 II,2013-08-31,7,2013,08
976,S60 II,2013-08-31,4139,2013,08
977,S60L,2013-08-31,0,2013,08
978,S80 II,2013-08-31,523,2013,08
979,S80L,2013-08-31,137,2013,08
980,V40,2013-08-31,4726,2013,08
981,V40 CC,2013-08-31,1296,2013,08
982,V50,2013-08-31,9,2013,08
983,V60,2013-08-31,3243,2013,08
984,V70 III,2013-08-31,1493,2013,08
985,XC60,2013-08-31,7646,2013,08
986,XC70 III,2013-08-31,1416,2013,08
987,XC90,2013-08-31,1483,2013,08
988,C30,2014-07-31,4,2014,07
989,C70 II,2014-07-31,32,2014,07
990,S40 II,2014-07-31,3,2014,07
991,S60 II,2014-07-31,3510,2014,07
992,S60L,2014-07-31,2102,2014,07
993,S80 II,2014-07-31,536,2014,07
994,S80L,2014-07-31,301,2014,07
995,V40,2014-07-31,6880,2014,07
996,V40 CC,2014-07-31,2126,2014,07
997,V50,2014-07-31,0,2014,07
998,V60,2014-07-31,4466,2014,07
999,V70 III,2014-07-31,1913,2014,07
1000,XC60,2014-07-31,10803,2014,07
1001,XC70 III,2014-07-31,1867,2014,07
1002,XC90,2014-07-31,1896,2014,07
1003,C30,2013-07-31,327,2013,07
1004,C70 II,2013-07-31,531,2013,07
1005,S40 II,2013-07-31,8,2013,07
1006,S60 II,2013-07-31,4846,2013,07
1007,S60L,2013-07-31,0,2013,07
1008,S80 II,2013-07-31,628,2013,07
1009,S80L,2013-07-31,225,2013,07
1010,V40,2013-07-31,7057,2013,07
1011,V40 CC,2013-07-31,1476,2013,07
1012,V50,2013-07-31,14,2013,07
1013,V60,2013-07-31,4219,2013,07
1014,V70 III,2013-07-31,1904,2013,07
1015,XC60,2013-07-31,8810,2013,07
1016,XC70 III,2013-07-31,1642,2013,07
1017,XC90,2013-07-31,1963,2013,07
1018,C30,2014-06-30,1,2014,06
1019,C70 II,2014-06-30,65,2014,06
1020,S40 II,2014-06-30,1,2014,06
1021,S60 II,2014-06-30,4533,2014,06
1022,S60L,2014-06-30,2116,2014,06
1023,S80 II,2014-06-30,615,2014,06
1024,S80L,2014-06-30,433,2014,06
1025,V40,2014-06-30,7850,2014,06
1026,V40 CC,2014-06-30,2451,2014,06
1027,V50,2014-06-30,1,2014,06
1028,V60,2014-06-30,5524,2014,06
1029,V70 III,2014-06-30,2485,2014,06
1030,XC60,2014-06-30,12098,2014,06
1031,XC70 III,2014-06-30,2742,2014,06
1032,XC90,2014-06-30,2217,2014,06
1033,C30,2013-06-30,448,2013,06
1034,C70 II,2013-06-30,739,2013,06
1035,S40 II,2013-06-30,15,2013,06
1036,S60 II,2013-06-30,7210,2013,06
1037,S60L,2013-06-30,0,2013,06
1038,S80 II,2013-06-30,737,2013,06
1039,S80L,2013-06-30,255,2013,06
1040,V40,2013-06-30,6540,2013,06
1041,V40 CC,2013-06-30,1980,2013,06
1042,V50,2013-06-30,19,2013,06
1043,V60,2013-06-30,4579,2013,06
1044,V70 III,2013-06-30,2540,2013,06
1045,XC60,2013-06-30,10961,2013,06
1046,XC70 III,2013-06-30,2369,2013,06
1047,XC90,2013-06-30,2546,2013,06
1048,C30,2014-05-31,2,2014,05
1049,C70 II,2014-05-31,152,2014,05
1050,S40 II,2014-05-31,4,2014,05
1051,S60 II,2014-05-31,4100,2014,05
1052,S60L,2014-05-31,1910,2014,05
1053,S80 II,2014-05-31,553,2014,05
1054,S80L,2014-05-31,388,2014,05
1055,V40,2014-05-31,6676,2014,05
1056,V40 CC,2014-05-31,2349,2014,05
1057,V50,2014-05-31,2,2014,05
1058,V60,2014-05-31,5480,2014,05
1059,V70 III,2014-05-31,2341,2014,05
1060,XC60,2014-05-31,11823,2014,05
1061,XC70 III,2014-05-31,2670,2014,05
1062,XC90,2014-05-31,1999,2014,05
1063,C30,2013-05-31,586,2013,05
1064,C70 II,2013-05-31,660,2013,05
1065,S40 II,2013-05-31,8,2013,05
1066,S60 II,2013-05-31,5895,2013,05
1067,S60L,2013-05-31,0,2013,05
1068,S80 II,2013-05-31,583,2013,05
1069,S80L,2013-05-31,189,2013,05
1070,V40,2013-05-31,5953,2013,05
1071,V40 CC,2013-05-31,1991,2013,05
1072,V50,2013-05-31,15,2013,05
1073,V60,2013-05-31,3811,2013,05
1074,V70 III,2013-05-31,2191,2013,05
1075,XC60,2013-05-31,9706,2013,05
1076,XC70 III,2013-05-31,2043,2013,05
1077,XC90,2013-05-31,2029,2013,05
1078,C30,2014-04-30,27,2014,04
1079,C70 II,2014-04-30,186,2014,04
1080,S40 II,2014-04-30,4,2014,04
1081,S60 II,2014-04-30,3863,2014,04
1082,S60L,2014-04-30,1831,2014,04
1083,S80 II,2014-04-30,591,2014,04
1084,S80L,2014-04-30,416,2014,04
1085,V40,2014-04-30,5987,2014,04
1086,V40 CC,2014-04-30,1975,2014,04
1087,V50,2014-04-30,0,2014,04
1088,V60,2014-04-30,4800,2014,04
1089,V70 III,2014-04-30,2456,2014,04
1090,XC60,2014-04-30,10636,2014,04
1091,XC70 III,2014-04-30,2758,2014,04
1092,XC90,2014-04-30,1732,2014,04
1093,C30,2013-04-30,746,2013,04
1094,C70 II,2013-04-30,515,2013,04
1095,S40 II,2013-04-30,14,2013,04
1096,S60 II,2013-04-30,5074,2013,04
1097,S60L,2013-04-30,0,2013,04
1098,S80 II,2013-04-30,663,2013,04
1099,S80L,2013-04-30,239,2013,04
1100,V40,2013-04-30,5432,2013,04
1101,V40 CC,2013-04-30,1913,2013,04
1102,V50,2013-04-30,14,2013,04
1103,V60,2013-04-30,4256,2013,04
1104,V70 III,2013-04-30,2462,2013,04
1105,XC60,2013-04-30,8575,2013,04
1106,XC70 III,2013-04-30,2030,2013,04
1107,XC90,2013-04-30,1769,2013,04
1108,C30,2014-03-31,60,2014,03
1109,C70 II,2014-03-31,181,2014,03
1110,S40 II,2014-03-31,0,2014,03
1111,S60 II,2014-03-31,4803,2014,03
1112,S60L,2014-03-31,1300,2014,03
1113,S80 II,2014-03-31,851,2014,03
1114,S80L,2014-03-31,441,2014,03
1115,V40,2014-03-31,9214,2014,03
1116,V40 CC,2014-03-31,2715,2014,03
1117,V50,2014-03-31,1,2014,03
1118,V60,2014-03-31,6702,2014,03
1119,V70 III,2014-03-31,2929,2014,03
1120,XC60,2014-03-31,13665,2014,03
1121,XC70 III,2014-03-31,2613,2014,03
1122,XC90,2014-03-31,2375,2014,03
1123,C30,2013-03-31,1221,2013,03
1124,C70 II,2013-03-31,604,2013,03
1125,S40 II,2013-03-31,46,2013,03
1126,S60 II,2013-03-31,6390,2013,03
1127,S60L,2013-03-31,0,2013,03
1128,S80 II,2013-03-31,827,2013,03
1129,S80L,2013-03-31,389,2013,03
1130,V40,2013-03-31,7656,2013,03
1131,V40 CC,2013-03-31,1658,2013,03
1132,V50,2013-03-31,27,2013,03
1133,V60,2013-03-31,5263,2013,03
1134,V70 III,2013-03-31,2353,2013,03
1135,XC60,2013-03-31,9797,2013,03
1136,XC70 III,2013-03-31,2126,2013,03
1137,XC90,2013-03-31,2219,2013,03
1138,C30,2014-02-28,30,2014,02
1139,C70 II,2014-02-28,169,2014,02
1140,S40 II,2014-02-28,3,2014,02
1141,S60 II,2014-02-28,3044,2014,02
1142,S60L,2014-02-28,768,2014,02
1143,S80 II,2014-02-28,503,2014,02
1144,S80L,2014-02-28,358,2014,02
1145,V40,2014-02-28,4993,2014,02
1146,V40 CC,2014-02-28,1688,2014,02
1147,V50,2014-02-28,1,2014,02
1148,V60,2014-02-28,4445,2014,02
1149,V70 III,2014-02-28,1900,2014,02
1150,XC60,2014-02-28,8672,2014,02
1151,XC70 III,2014-02-28,1954,2014,02
1152,XC90,2014-02-28,1420,2014,02
1153,C30,2013-02-28,792,2013,02
1154,C70 II,2013-02-28,390,2013,02
1155,S40 II,2013-02-28,28,2013,02
1156,S60 II,2013-02-28,4572,2013,02
1157,S60L,2013-02-28,0,2013,02
1158,S80 II,2013-02-28,554,2013,02
1159,S80L,2013-02-28,495,2013,02
1160,V40,2013-02-28,5029,2013,02
1161,V40 CC,2013-02-28,987,2013,02
1162,V50,2013-02-28,43,2013,02
1163,V60,2013-02-28,3301,2013,02
1164,V70 III,2013-02-28,1800,2013,02
1165,XC60,2013-02-28,7402,2013,02
1166,XC70 III,2013-02-28,1705,2013,02
1167,XC90,2013-02-28,1529,2013,02
1168,C30,2014-01-31,31,2014,01
1169,C70 II,2014-01-31,148,2014,01
1170,S40 II,2014-01-31,1,2014,01
1171,S60 II,2014-01-31,3282,2014,01
1172,S60L,2014-01-31,464,2014,01
1173,S80 II,2014-01-31,810,2014,01
1174,S80L,2014-01-31,575,2014,01
1175,V40,2014-01-31,5071,2014,01
1176,V40 CC,2014-01-31,1504,2014,01
1177,V50,2014-01-31,7,2014,01
1178,V60,2014-01-31,4628,2014,01
1179,V70 III,2014-01-31,1701,2014,01
1180,XC60,2014-01-31,8947,2014,01
1181,XC70 III,2014-01-31,1578,2014,01
1182,XC90,2014-01-31,1625,2014,01
1183,C30,2013-01-31,901,2013,01
1184,C70 II,2013-01-31,341,2013,01
1185,S40 II,2013-01-31,47,2013,01
1186,S60 II,2013-01-31,4967,2013,01
1187,S60L,2013-01-31,0,2013,01
1188,S80 II,2013-01-31,571,2013,01
1189,S80L,2013-01-31,603,2013,01
1190,V40,2013-01-31,4789,2013,01
1191,V40 CC,2013-01-31,900,2013,01
1192,V50,2013-01-31,65,2013,01
1193,V60,2013-01-31,3463,2013,01
1194,V70 III,2013-01-31,1861,2013,01
1195,XC60,2013-01-31,7975,2013,01
1196,XC70 III,2013-01-31,1410,2013,01
1197,XC90,2013-01-31,1721,2013,01
